name,chara,webp_keys,webp_files,all_exist
Attack or Music,茅森 月歌 — Ruka Kayamori — ,image;strip;bg;chara_icon;piece.image,RKayamoriDefault_R1_Thumbnail.webp;RKayamoriDefault_R1_Party.webp;RKayamoriDefault_R1.webp;RKayamoriSmallIcon.webp;RKayamoriDefault_R1_StylePiece.webp,True
戦場のフレット,茅森 月歌 — Ruka Kayamori — ,image;strip;bg;chara_icon;piece.image,RKayamoriDefault_R2_Thumbnail.webp;RKayamoriDefault_R2_Party.webp;RKayamoriDefault_R2.webp;RKayamoriSmallIcon.webp;RKayamoriDefault_R2_StylePiece.webp,True
閃光のサーキットバースト,茅森 月歌 — Ruka Kayamori — ,image;strip;bg;chara_icon;piece.image,RKayamoriDefault_R3_Thumbnail.webp;RKayamoriDefault_R3_Party.webp;RKayamoriDefault_R3.webp;RKayamoriSmallIcon.webp;RKayamoriDefault_R3_StylePiece.webp,True
黎明のエモーショナル・ソウル,茅森 月歌 — Ruka Kayamori — ,image;strip;bg;chara_icon;piece.image,RKayamoriDefault_R3a_Thumbnail.webp;RKayamoriDefault_R3a_Party.webp;RKayamoriDefault_R3a.webp;RKayamoriSmallIcon.webp;RKayamoriDefault_R3a_StylePiece.webp,True
残響のカルディナル,茅森 月歌 — Ruka Kayamori — ,image;strip;bg;chara_icon;piece.image,RKayamoriGothic_R3_Thumbnail.webp;RKayamoriGothic_R3_Party.webp;RKayamoriGothic_R3.webp;RKayamoriSmallIcon.webp;RKayamoriGothic_R3_StylePiece.webp,True
つかの間の安息,茅森 月歌 — Ruka Kayamori — ,image;strip;bg;chara_icon;piece.image,RKayamoriSwim2022_R2_Thumbnail.webp;RKayamoriSwim2022_R2_Party.webp;RKayamoriSwim2022_R2.webp;RKayamoriSmallIcon.webp;RKayamoriSwim2022_R2_StylePiece.webp,True
ナイトクルーズ・エスコート,茅森 月歌 — Ruka Kayamori — ,image;strip;bg;chara_icon;piece.image,RKayamoriAnniv2023_R3_Thumbnail.webp;RKayamoriAnniv2023_R3_Party.webp;RKayamoriAnniv2023_R3.webp;RKayamoriSmallIcon.webp;RKayamoriAnniv2023_R3_StylePiece.webp,True
The Feel of the Throne,茅森 月歌 — Ruka Kayamori — ,image;strip;bg;chara_icon;piece.image,RKayamoriCombat2023_R3_Thumbnail.webp;RKayamoriCombat2023_R3_Party.webp;RKayamoriCombat2023_R3.webp;RKayamoriSmallIcon.webp;RKayamoriCombat2023_R3_StylePiece.webp,True
白き華の歌姫,茅森 月歌 — Ruka Kayamori — ,image;strip;bg;chara_icon;piece.image,RKayamoriDiva_R3_Thumbnail.webp;RKayamoriDiva_R3_Party.webp;RKayamoriDiva_R3.webp;RKayamoriSmallIcon.webp;RKayamoriDiva_R3_StylePiece.webp,True
白熱！勝利を呼ぶ一球入魂！,茅森 月歌 — Ruka Kayamori — ,image;strip;bg;chara_icon;piece.image,RKayamoriHR_R3_Thumbnail.webp;RKayamoriHR_R3_Party.webp;RKayamoriHR_R3.webp;RKayamoriSmallIcon.webp;RKayamoriHR_R3_StylePiece.webp,True
Glorious Blades,茅森 月歌 — Ruka Kayamori — ,image;strip;bg;chara_icon;piece.image,RKayamoriWhiteSuit_R3_Thumbnail.webp;RKayamoriWhiteSuit_R3_Party.webp;RKayamoriWhiteSuit_R3.webp;RKayamoriSmallIcon.webp;RKayamoriWhiteSuit_R3_StylePiece.webp,True
Attack or March,和泉 ユキ — Yuki Izumi — ユッキー Yukkii,image;strip;bg;chara_icon;piece.image,YIzumiDefault_R1_Thumbnail.webp;YIzumiDefault_R1_Party.webp;YIzumiDefault_R1.webp;YIzumiSmallIcon.webp;YIzumiDefault_R1_StylePiece.webp,True
夢幻のSleeping Ocelot,和泉 ユキ — Yuki Izumi — ユッキー Yukkii,image;strip;bg;chara_icon;piece.image,YIzumiDefault_R2_Thumbnail.webp;YIzumiDefault_R2_Party.webp;YIzumiDefault_R2.webp;YIzumiSmallIcon.webp;YIzumiDefault_R2_StylePiece.webp,True
終いのSpitfire,和泉 ユキ — Yuki Izumi — ユッキー Yukkii,image;strip;bg;chara_icon;piece.image,YIzumiDefault_R3_Thumbnail.webp;YIzumiDefault_R3_Party.webp;YIzumiDefault_R3.webp;YIzumiSmallIcon.webp;YIzumiDefault_R3_StylePiece.webp,True
夏椿、けうらなる夜光星,和泉 ユキ — Yuki Izumi — ユッキー Yukkii,image;strip;bg;chara_icon;piece.image,YIzumiYukata2022_R3_Thumbnail.webp;YIzumiYukata2022_R3_Party.webp;YIzumiYukata2022_R3.webp;YIzumiSmallIcon.webp;YIzumiYukata2022_R3_StylePiece.webp,True
ナイトクルーズ・アテンダント,和泉 ユキ — Yuki Izumi — ユッキー Yukkii,image;strip;bg;chara_icon;piece.image,YIzumiAnniv2023_R3_Thumbnail.webp;YIzumiAnniv2023_R3_Party.webp;YIzumiAnniv2023_R3.webp;YIzumiSmallIcon.webp;YIzumiAnniv2023_R3_StylePiece.webp,True
KETSUの休日,和泉 ユキ — Yuki Izumi — ユッキー Yukkii,image;strip;bg;chara_icon;piece.image,YIzumiSwim2023_R2_Thumbnail.webp;YIzumiSwim2023_R2_Party.webp;YIzumiSwim2023_R2.webp;YIzumiSmallIcon.webp;YIzumiSwim2023_R2_StylePiece.webp,True
踊るリンカネーション,和泉 ユキ — Yuki Izumi — ユッキー Yukkii,image;strip;bg;chara_icon;piece.image,YIzumiBeauty_R3_Thumbnail.webp;YIzumiBeauty_R3_Party.webp;YIzumiBeauty_R3.webp;YIzumiSmallIcon.webp;YIzumiBeauty_R3_StylePiece.webp,True
君を待つ紅玉,和泉 ユキ — Yuki Izumi — ユッキー Yukkii,image;strip;bg;chara_icon;piece.image,YIzumiSnowWhite_R3_Thumbnail.webp;YIzumiSnowWhite_R3_Party.webp;YIzumiSnowWhite_R3.webp;YIzumiSmallIcon.webp;YIzumiSnowWhite_R3_StylePiece.webp,True
傍らのプリンセス,和泉 ユキ — Yuki Izumi — ユッキー Yukkii,image;strip;bg;chara_icon;piece.image,YIzumiCombat2023_R3_Thumbnail.webp;YIzumiCombat2023_R3_Party.webp;YIzumiCombat2023_R3.webp;YIzumiSmallIcon.webp;YIzumiCombat2023_R3_StylePiece.webp,True
Plain or Wild,逢川 めぐみ — Megumi Aikawa — めぐみん Megumin,image;strip;bg;chara_icon;piece.image,MAikawaDefault_R1_Thumbnail.webp;MAikawaDefault_R1_Party.webp;MAikawaDefault_R1.webp;MAikawaSmallIcon.webp;MAikawaDefault_R1_StylePiece.webp,True
Impact Stream,逢川 めぐみ — Megumi Aikawa — めぐみん Megumin,image;strip;bg;chara_icon;piece.image,MAikawaDefault_R2_Thumbnail.webp;MAikawaDefault_R2_Party.webp;MAikawaDefault_R2.webp;MAikawaSmallIcon.webp;MAikawaDefault_R2_StylePiece.webp,True
Ikki Burst Strike,逢川 めぐみ — Megumi Aikawa — めぐみん Megumin,image;strip;bg;chara_icon;piece.image,MAikawaDefault_R3_Thumbnail.webp;MAikawaDefault_R3_Party.webp;MAikawaDefault_R3.webp;MAikawaSmallIcon.webp;MAikawaDefault_R3_StylePiece.webp,True
一夜の夢,逢川 めぐみ — Megumi Aikawa — めぐみん Megumin,image;strip;bg;chara_icon;piece.image,MAikawaPrecious_R3_Thumbnail.webp;MAikawaPrecious_R3_Party.webp;MAikawaPrecious_R3.webp;MAikawaSmallIcon.webp;MAikawaPrecious_R3_StylePiece.webp,True
心、躍るFuel,逢川 めぐみ — Megumi Aikawa — めぐみん Megumin,image;strip;bg;chara_icon;piece.image,MAikawaMaiden_R3_Thumbnail.webp;MAikawaMaiden_R3_Party.webp;MAikawaMaiden_R3.webp;MAikawaSmallIcon.webp;MAikawaMaiden_R3_StylePiece.webp,True
トワイライト・グロース,逢川 めぐみ — Megumi Aikawa — めぐみん Megumin,image;strip;bg;chara_icon;piece.image,MAikawaSuite_R3_Thumbnail.webp;MAikawaSuite_R3_Party.webp;MAikawaSuite_R3.webp;MAikawaSmallIcon.webp;MAikawaSuite_R3_StylePiece.webp,True
ネバーエンド・サマー,逢川 めぐみ — Megumi Aikawa — めぐみん Megumin,image;strip;bg;chara_icon;piece.image,MAikawaSwim2024_R3_Thumbnail.webp;MAikawaSwim2024_R3_Party.webp;MAikawaSwim2024_R3.webp;MAikawaSmallIcon.webp;MAikawaSwim2024_R3_StylePiece.webp,True
スペシャルナイト・ガールズジャム,逢川 めぐみ — Megumi Aikawa — めぐみん Megumin,image;strip;bg;chara_icon;piece.image,MAikawaSession_R3_Thumbnail.webp;MAikawaSession_R3_Party.webp;MAikawaSession_R3.webp;MAikawaSmallIcon.webp;MAikawaSession_R3_StylePiece.webp,True
Serious or Stupid,東城 つかさ — Tsukasa Tojo — つかさっち Tsukasacchi,image;strip;bg;chara_icon;piece.image,TTojoDefault_R1_Thumbnail.webp;TTojoDefault_R1_Party.webp;TTojoDefault_R1.webp;TTojoSmallIcon.webp;TTojoDefault_R1_StylePiece.webp,True
嗟歎のスリーパー,東城 つかさ — Tsukasa Tojo — つかさっち Tsukasacchi,image;strip;bg;chara_icon;piece.image,TTojoDefault_R2_Thumbnail.webp;TTojoDefault_R2_Party.webp;TTojoDefault_R2.webp;TTojoSmallIcon.webp;TTojoDefault_R2_StylePiece.webp,True
メメント・モリの美少女,東城 つかさ — Tsukasa Tojo — つかさっち Tsukasacchi,image;strip;bg;chara_icon;piece.image,TTojoDefault_R3_Thumbnail.webp;TTojoDefault_R3_Party.webp;TTojoDefault_R3.webp;TTojoSmallIcon.webp;TTojoDefault_R3_StylePiece.webp,True
真夏のPrayer,東城 つかさ — Tsukasa Tojo — つかさっち Tsukasacchi,image;strip;bg;chara_icon;piece.image,TTojoSwim2022_R3_Thumbnail.webp;TTojoSwim2022_R3_Party.webp;TTojoSwim2022_R3.webp;TTojoSmallIcon.webp;TTojoSwim2022_R3_StylePiece.webp,True
シークレットサービス・サイレンス,東城 つかさ — Tsukasa Tojo — つかさっち Tsukasacchi,image;strip;bg;chara_icon;piece.image,TTojoSuite_R3_Thumbnail.webp;TTojoSuite_R3_Party.webp;TTojoSuite_R3.webp;TTojoSmallIcon.webp;TTojoSuite_R3_StylePiece.webp,True
バニーファイト・デビエーション,東城 つかさ — Tsukasa Tojo — つかさっち Tsukasacchi,image;strip;bg;chara_icon;piece.image,TTojoRabbit_R3_Thumbnail.webp;TTojoRabbit_R3_Party.webp;TTojoRabbit_R3.webp;TTojoSmallIcon.webp;TTojoRabbit_R3_StylePiece.webp,True
そよかぜ,東城 つかさ — Tsukasa Tojo — つかさっち Tsukasacchi,image;strip;bg;chara_icon;piece.image,TTojoSwim2024_R2_Thumbnail.webp;TTojoSwim2024_R2_Party.webp;TTojoSwim2024_R2.webp;TTojoSmallIcon.webp;TTojoSwim2024_R2_StylePiece.webp,True
哀情のラメント,東城 つかさ — Tsukasa Tojo — つかさっち Tsukasacchi,image;strip;bg;chara_icon;piece.image,TTojoMourning_R3_Thumbnail.webp;TTojoMourning_R3_Party.webp;TTojoMourning_R3.webp;TTojoSmallIcon.webp;TTojoMourning_R3_StylePiece.webp,True
Laugh or Cry,朝倉 可憐 — Karen Asakura — かれりん Karerin,image;strip;bg;chara_icon;piece.image,KarenDefault_R1_Thumbnail.webp;KarenDefault_R1_Party.webp;KarenDefault_R1.webp;KAsakuraSmallIcon.webp;KarenDefault_R1_StylePiece.webp,True
最前線のブルワーク,朝倉 可憐 — Karen Asakura — かれりん Karerin,image;strip;bg;chara_icon;piece.image,KarenDefault_R2_Thumbnail.webp;KarenDefault_R2_Party.webp;KarenDefault_R2.webp;KAsakuraSmallIcon.webp;KarenDefault_R2_StylePiece.webp,True
紅蓮月華のKillrazor,朝倉 可憐 — Karen Asakura — かれりん Karerin,image;strip;bg;chara_icon;piece.image,KarenDefault_R3_Thumbnail.webp;KarenDefault_R3_Party.webp;KarenDefault_R3.webp;KAsakuraSmallIcon.webp;KarenDefault_R3_StylePiece.webp,True
スカーレット・リベリオン,朝倉 可憐 — Karen Asakura — かれりん Karerin,image;strip;bg;chara_icon;piece.image,KarenRedWolf_R3_Thumbnail.webp;KarenRedWolf_R3_Party.webp;KarenRedWolf_R3.webp;KAsakuraSmallIcon.webp;KarenRedWolf_R3_StylePiece.webp,True
シークレットサービス・デモリッシュ,朝倉 可憐 — Karen Asakura — かれりん Karerin,image;strip;bg;chara_icon;piece.image,KarenSuite_R3_Thumbnail.webp;KarenSuite_R3_Party.webp;KarenSuite_R3.webp;KAsakuraSmallIcon.webp;KarenSuite_R3_StylePiece.webp,True
狂悖暴戻のランダムウォーク,朝倉 可憐 — Karen Asakura — かれりん Karerin,image;strip;bg;chara_icon;piece.image,KarenDefault_R2a_Thumbnail.webp;KarenDefault_R2a_Party.webp;KarenDefault_R2a.webp;KAsakuraSmallIcon.webp;KarenDefault_R2a_StylePiece.webp,True
盛夏のシャーク・ザ・リッパー,朝倉 可憐 — Karen Asakura — かれりん Karerin,image;strip;bg;chara_icon;piece.image,KarenSwim2024_R3_Thumbnail.webp;KarenSwim2024_R3_Party.webp;KarenSwim2024_R3.webp;KAsakuraSmallIcon.webp;KarenSwim2024_R3_StylePiece.webp,True
Twinkle Eclosion,朝倉 可憐 — Karen Asakura — かれりん Karerin,image;strip;bg;chara_icon;piece.image,KAsakuraDefault_R3_Thumbnail.webp;KAsakuraDefault_R3_Party.webp;KAsakuraDefault_R3.webp;KAsakuraSmallIcon.webp;KAsakuraDefault_R3_StylePiece.webp,True
CODE:Virtual Killer,朝倉 可憐 — Karen Asakura — かれりん Karerin,image;strip;bg;chara_icon;piece.image;another.image;another.bg;another.chara_icon,KAsakuraTwins_R3_Thumbnail.webp;KAsakuraTwins_R3_Party.webp;KAsakuraTwins_R3.webp;KAsakuraSmallIcon.webp;KAsakuraTwins_R3_StylePiece.webp;KAsakuraTwinsAnother_R3_Thumbnail.webp;KAsakuraTwinsAnother_R3.webp;KarenSmallIcon.webp,True
Truth or Lies,國見 タマ — Tama Kunimi — おタマさん Otamasan,image;strip;bg;chara_icon;piece.image,TKunimiDefault_R1_Thumbnail.webp;TKunimiDefault_R1_Party.webp;TKunimiDefault_R1.webp;TKunimiSmallIcon.webp;TKunimiDefault_R1_StylePiece.webp,True
ときめきアークライト,國見 タマ — Tama Kunimi — おタマさん Otamasan,image;strip;bg;chara_icon;piece.image,TKunimiDefault_R2_Thumbnail.webp;TKunimiDefault_R2_Party.webp;TKunimiDefault_R2.webp;TKunimiSmallIcon.webp;TKunimiDefault_R2_StylePiece.webp,True
気合一閃エンジェルセイラー,國見 タマ — Tama Kunimi — おタマさん Otamasan,image;strip;bg;chara_icon;piece.image,TKunimiDefault_R3_Thumbnail.webp;TKunimiDefault_R3_Party.webp;TKunimiDefault_R3.webp;TKunimiSmallIcon.webp;TKunimiDefault_R3_StylePiece.webp,True
無邪気なデザイア,國見 タマ — Tama Kunimi — おタマさん Otamasan,image;strip;bg;chara_icon;piece.image,TKunimiDefault_R2a_Thumbnail.webp;TKunimiDefault_R2a_Party.webp;TKunimiDefault_R2a.webp;TKunimiSmallIcon.webp;TKunimiDefault_R2a_StylePiece.webp,True
魔法の国のエレメンタル,國見 タマ — Tama Kunimi — おタマさん Otamasan,image;strip;bg;chara_icon;piece.image,TKunimiMagical_R3_Thumbnail.webp;TKunimiMagical_R3_Party.webp;TKunimiMagical_R3.webp;TKunimiSmallIcon.webp;TKunimiMagical_R3_StylePiece.webp,True
激突！！エア・ベース,國見 タマ — Tama Kunimi — おタマさん Otamasan,image;strip;bg;chara_icon;piece.image,TKunimiNewYear2023_R3_Thumbnail.webp;TKunimiNewYear2023_R3_Party.webp;TKunimiNewYear2023_R3.webp;TKunimiSmallIcon.webp;TKunimiNewYear2023_R3_StylePiece.webp,True
幻想のコーラル,國見 タマ — Tama Kunimi — おタマさん Otamasan,image;strip;bg;chara_icon;piece.image,TKunimiSwim2023_R3_Thumbnail.webp;TKunimiSwim2023_R3_Party.webp;TKunimiSwim2023_R3.webp;TKunimiSmallIcon.webp;TKunimiSwim2023_R3_StylePiece.webp,True
トワイライト・メモリーズ,國見 タマ — Tama Kunimi — おタマさん Otamasan,image;strip;bg;chara_icon;piece.image,TKunimiSuite_R3_Thumbnail.webp;TKunimiSuite_R3_Party.webp;TKunimiSuite_R3.webp;TKunimiSmallIcon.webp;TKunimiSuite_R3_StylePiece.webp,True
戦ぐゆりかご,國見 タマ — Tama Kunimi — おタマさん Otamasan,image;strip;bg;chara_icon;piece.image,TKunimiSwim2024_R2_Thumbnail.webp;TKunimiSwim2024_R2_Party.webp;TKunimiSwim2024_R2.webp;TKunimiSmallIcon.webp;TKunimiSwim2024_R2_StylePiece.webp,True
ようこそ♪ナイトメア・パレード,國見 タマ — Tama Kunimi — おタマさん Otamasan,image;strip;bg;chara_icon;piece.image,TKunimiAutumn2025_R3_Thumbnail.webp;TKunimiAutumn2025_R3_Party.webp;TKunimiAutumn2025_R3.webp;TKunimiSmallIcon.webp;TKunimiAutumn2025_R3_StylePiece.webp,True
戦場の花散らし,蒼井 えりか — Erika Aoi — ,image;strip;bg;chara_icon;piece.image,EAoiDefault_R1_Thumbnail.webp;EAoiDefault_R1_Party.webp;EAoiDefault_R1.webp;EAoiSmallIcon.webp;EAoiDefault_R1_StylePiece.webp,True
セツナ・memory,蒼井 えりか — Erika Aoi — ,image;strip;bg;chara_icon;piece.image,EAoiDefault_R2_Thumbnail.webp;EAoiDefault_R2_Party.webp;EAoiDefault_R2.webp;EAoiSmallIcon.webp;EAoiDefault_R2_StylePiece.webp,True
ココロ・Inspire,蒼井 えりか — Erika Aoi — ,image;strip;bg;chara_icon;piece.image,EAoiDefault_R3_Thumbnail.webp;EAoiDefault_R3_Party.webp;EAoiDefault_R3.webp;EAoiSmallIcon.webp;EAoiDefault_R3_StylePiece.webp,True
トドケ・Miracle,蒼井 えりか — Erika Aoi — ,image;strip;bg;chara_icon;piece.image,EAoiWaitress_R3_Thumbnail.webp;EAoiWaitress_R3_Party.webp;EAoiWaitress_R3.webp;EAoiSmallIcon.webp;EAoiWaitress_R3_StylePiece.webp,True
キララ・究極のアイドル,蒼井 えりか — Erika Aoi — ,image;strip;bg;chara_icon;piece.image,EAoiNewYear2024_R3_Thumbnail.webp;EAoiNewYear2024_R3_Party.webp;EAoiNewYear2024_R3.webp;EAoiSmallIcon.webp;EAoiNewYear2024_R3_StylePiece.webp,True
上達の手応え,蒼井 えりか — Erika Aoi — ,image;strip;bg;chara_icon;piece.image,EAoiDefault_R2a_Thumbnail.webp;EAoiDefault_R2a_Party.webp;EAoiDefault_R2a.webp;EAoiSmallIcon.webp;EAoiDefault_R2a_StylePiece.webp,True
ヒビケ・Battlecry,蒼井 えりか — Erika Aoi — ,image;strip;bg;chara_icon;piece.image,EAoiMilitary_R3_Thumbnail.webp;EAoiMilitary_R3_Party.webp;EAoiMilitary_R3.webp;EAoiSmallIcon.webp;EAoiMilitary_R3_StylePiece.webp,True
ヒカル・Mermaid Vacation,蒼井 えりか — Erika Aoi — ,image;strip;bg;chara_icon;piece.image,EAoiSwim2025_R3_Thumbnail.webp;EAoiSwim2025_R3_Party.webp;EAoiSwim2025_R3.webp;EAoiSmallIcon.webp;EAoiSwim2025_R3_StylePiece.webp,True
ツナグ・Legacy,蒼井 えりか — Erika Aoi — ,image;strip;bg;chara_icon;piece.image,EAoiWhiteSuit_R3_Thumbnail.webp;EAoiWhiteSuit_R3_Party.webp;EAoiWhiteSuit_R3.webp;EAoiSmallIcon.webp;EAoiWhiteSuit_R3_StylePiece.webp,True
戦場の華火,水瀬 いちご — Ichigo Minase — ,image;strip;bg;chara_icon;piece.image,IMinaseDefault_R1_Thumbnail.webp;IMinaseDefault_R1_Party.webp;IMinaseDefault_R1.webp;IMinaseSmallIcon.webp;IMinaseDefault_R1_StylePiece.webp,True
あなたのために,水瀬 いちご — Ichigo Minase — ,image;strip;bg;chara_icon;piece.image,IMinaseDefault_R2_Thumbnail.webp;IMinaseDefault_R2_Party.webp;IMinaseDefault_R2.webp;IMinaseSmallIcon.webp;IMinaseDefault_R2_StylePiece.webp,True
嬉々迫るフォール・イン・ラヴ,水瀬 いちご — Ichigo Minase — ,image;strip;bg;chara_icon;piece.image,IMinaseDefault_R3_Thumbnail.webp;IMinaseDefault_R3_Party.webp;IMinaseDefault_R3.webp;IMinaseSmallIcon.webp;IMinaseDefault_R3_StylePiece.webp,True
君の瞳にコロしてる,水瀬 いちご — Ichigo Minase — ,image;strip;bg;chara_icon;piece.image,IMinaseNewYear2024_R3_Thumbnail.webp;IMinaseNewYear2024_R3_Party.webp;IMinaseNewYear2024_R3.webp;IMinaseSmallIcon.webp;IMinaseNewYear2024_R3_StylePiece.webp,True
冷艶なるサイレンスキラー,水瀬 いちご — Ichigo Minase — ,image;strip;bg;chara_icon;piece.image,IMinaseAssassin_R3_Thumbnail.webp;IMinaseAssassin_R3_Party.webp;IMinaseAssassin_R3.webp;IMinaseSmallIcon.webp;IMinaseAssassin_R3_StylePiece.webp,True
キラメキ・サマートス,水瀬 いちご — Ichigo Minase — ,image;strip;bg;chara_icon;piece.image,IMinaseSwim2025_R2_Thumbnail.webp;IMinaseSwim2025_R2_Party.webp;IMinaseSwim2025_R2.webp;IMinaseSmallIcon.webp;IMinaseSwim2025_R2_StylePiece.webp,True
熱闘！かっとばせホームラン！,水瀬 いちご — Ichigo Minase — ,image;strip;bg;chara_icon;piece.image,IMinaseHR_R3_Thumbnail.webp;IMinaseHR_R3_Party.webp;IMinaseHR_R3.webp;IMinaseSmallIcon.webp;IMinaseHR_R3_StylePiece.webp,True
戦場の焔焔,水瀬 すもも — Sumomo Minase — ,image;strip;bg;chara_icon;piece.image,SMinaseDefault_R1_Thumbnail.webp;SMinaseDefault_R1_Party.webp;SMinaseDefault_R1.webp;SMinaseSmallIcon.webp;SMinaseDefault_R1_StylePiece.webp,True
積乱雲,水瀬 すもも — Sumomo Minase — ,image;strip;bg;chara_icon;piece.image,SMinaseDefault_R2_Thumbnail.webp;SMinaseDefault_R2_Party.webp;SMinaseDefault_R2.webp;SMinaseSmallIcon.webp;SMinaseDefault_R2_StylePiece.webp,True
残光,水瀬 すもも — Sumomo Minase — ,image;strip;bg;chara_icon;piece.image,SMinaseDefault_R3_Thumbnail.webp;SMinaseDefault_R3_Party.webp;SMinaseDefault_R3.webp;SMinaseSmallIcon.webp;SMinaseDefault_R3_StylePiece.webp,True
茹だるアサシン,水瀬 すもも — Sumomo Minase — ,image;strip;bg;chara_icon;piece.image,SMinaseSwim2022_R3_Thumbnail.webp;SMinaseSwim2022_R3_Party.webp;SMinaseSwim2022_R3.webp;SMinaseSmallIcon.webp;SMinaseSwim2022_R3_StylePiece.webp,True
類は友を呼ぶ,水瀬 すもも — Sumomo Minase — ,image;strip;bg;chara_icon;piece.image,SMinaseDefault_R2a_Thumbnail.webp;SMinaseDefault_R2a_Party.webp;SMinaseDefault_R2a.webp;SMinaseSmallIcon.webp;SMinaseDefault_R2a_StylePiece.webp,True
愛憐の綻び,水瀬 すもも — Sumomo Minase — ,image;strip;bg;chara_icon;piece.image,SMinaseDoll_R3_Thumbnail.webp;SMinaseDoll_R3_Party.webp;SMinaseDoll_R3.webp;SMinaseSmallIcon.webp;SMinaseDoll_R3_StylePiece.webp,True
いたずらブラックキャット,水瀬 すもも — Sumomo Minase — ,image;strip;bg;chara_icon;piece.image,SMinaseAutumn2025_R3_Thumbnail.webp;SMinaseAutumn2025_R3_Party.webp;SMinaseAutumn2025_R3.webp;SMinaseSmallIcon.webp;SMinaseAutumn2025_R3_StylePiece.webp,True
戦場の科学者,樋口 聖華 — Seika Higuchi — ひぐみん Higumin,image;strip;bg;chara_icon;piece.image,SHiguchiDefault_R1_Thumbnail.webp;SHiguchiDefault_R1_Party.webp;SHiguchiDefault_R1.webp;SHiguchiSmallIcon.webp;SHiguchiDefault_R1_StylePiece.webp,True
或る少女の物語,樋口 聖華 — Seika Higuchi — ひぐみん Higumin,image;strip;bg;chara_icon;piece.image,SHiguchiDefault_R2_Thumbnail.webp;SHiguchiDefault_R2_Party.webp;SHiguchiDefault_R2.webp;SHiguchiSmallIcon.webp;SHiguchiDefault_R2_StylePiece.webp,True
生者のホメオスタシス,樋口 聖華 — Seika Higuchi — ひぐみん Higumin,image;strip;bg;chara_icon;piece.image,SHiguchiDefault_R3_Thumbnail.webp;SHiguchiDefault_R3_Party.webp;SHiguchiDefault_R3.webp;SHiguchiSmallIcon.webp;SHiguchiDefault_R3_StylePiece.webp,True
宙の探究、星の眩耀,樋口 聖華 — Seika Higuchi — ひぐみん Higumin,image;strip;bg;chara_icon;piece.image,SHiguchiGrace_R3_Thumbnail.webp;SHiguchiGrace_R3_Party.webp;SHiguchiGrace_R3.webp;SHiguchiSmallIcon.webp;SHiguchiGrace_R3_StylePiece.webp,True
青春の発露,樋口 聖華 — Seika Higuchi — ひぐみん Higumin,image;strip;bg;chara_icon;piece.image,SHiguchiNewYear2024_R2_Thumbnail.webp;SHiguchiNewYear2024_R2_Party.webp;SHiguchiNewYear2024_R2.webp;SHiguchiSmallIcon.webp;SHiguchiNewYear2024_R2_StylePiece.webp,True
暁のカタルシス,樋口 聖華 — Seika Higuchi — ひぐみん Higumin,image;strip;bg;chara_icon;piece.image,SHiguchiDoctor_R3_Thumbnail.webp;SHiguchiDoctor_R3_Party.webp;SHiguchiDoctor_R3.webp;SHiguchiSmallIcon.webp;SHiguchiDoctor_R3_StylePiece.webp,True
サンセット・ユートピア,樋口 聖華 — Seika Higuchi — ひぐみん Higumin,image;strip;bg;chara_icon;piece.image,SHiguchiSwim2025_R3_Thumbnail.webp;SHiguchiSwim2025_R3_Party.webp;SHiguchiSwim2025_R3.webp;SHiguchiSmallIcon.webp;SHiguchiSwim2025_R3_StylePiece.webp,True
戦場の聳動,柊木 梢 — Kozue Hiiragi — こじゅ Koju,image;strip;bg;chara_icon;piece.image,KHiiragiDefault_R1_Thumbnail.webp;KHiiragiDefault_R1_Party.webp;KHiiragiDefault_R1.webp;KHiiragiSmallIcon.webp;KHiiragiDefault_R1_StylePiece.webp,True
在りし日の雑踏,柊木 梢 — Kozue Hiiragi — こじゅ Koju,image;strip;bg;chara_icon;piece.image,KHiiragiDefault_R2_Thumbnail.webp;KHiiragiDefault_R2_Party.webp;KHiiragiDefault_R2.webp;KHiiragiSmallIcon.webp;KHiiragiDefault_R2_StylePiece.webp,True
蒼きノクターン,柊木 梢 — Kozue Hiiragi — こじゅ Koju,image;strip;bg;chara_icon;piece.image,KHiiragiDefault_R3_Thumbnail.webp;KHiiragiDefault_R3_Party.webp;KHiiragiDefault_R3.webp;KHiiragiSmallIcon.webp;KHiiragiDefault_R3_StylePiece.webp,True
終劇のナイトフォール,柊木 梢 — Kozue Hiiragi — こじゅ Koju,image;strip;bg;chara_icon;piece.image,KHiiragiBloody_R3_Thumbnail.webp;KHiiragiBloody_R3_Party.webp;KHiiragiBloody_R3.webp;KHiiragiSmallIcon.webp;KHiiragiBloody_R3_StylePiece.webp,True
ホップ・ステップ・スリップ！,柊木 梢 — Kozue Hiiragi — こじゅ Koju,image;strip;bg;chara_icon;piece.image,KHiiragiWaitress_R3_Thumbnail.webp;KHiiragiWaitress_R3_Party.webp;KHiiragiWaitress_R3.webp;KHiiragiSmallIcon.webp;KHiiragiWaitress_R3_StylePiece.webp,True
プールサイド・モーメント,柊木 梢 — Kozue Hiiragi — こじゅ Koju,image;strip;bg;chara_icon;piece.image,KHiiragiSwim2025_R3_Thumbnail.webp;KHiiragiSwim2025_R3_Party.webp;KHiiragiSwim2025_R3.webp;KHiiragiSmallIcon.webp;KHiiragiSwim2025_R3_StylePiece.webp,True
戦場の哮り,ビャッコ — Byakko — ,image;strip;bg;chara_icon;piece.image,ByakkoDefault_R1_Thumbnail.webp;ByakkoDefault_R1_Party.webp;ByakkoDefault_R1.webp;ByakkoSmallIcon.webp;ByakkoDefault_R1_StylePiece.webp,True
リラックスサイン,ビャッコ — Byakko — ,image;strip;bg;chara_icon;piece.image,ByakkoDefault_R2_Thumbnail.webp;ByakkoDefault_R2_Party.webp;ByakkoDefault_R2.webp;ByakkoSmallIcon.webp;ByakkoDefault_R2_StylePiece.webp,True
レイジング・ビースト,ビャッコ — Byakko — ,image;strip;bg;chara_icon;piece.image,ByakkoDefault_R3_Thumbnail.webp;ByakkoDefault_R3_Party.webp;ByakkoDefault_R3.webp;ByakkoSmallIcon.webp;ByakkoDefault_R3_StylePiece.webp,True
のもけいしさや,ビャッコ — Byakko — ,image;strip;bg;chara_icon;piece.image,ByakkoBeast_R3_Thumbnail.webp;ByakkoBeast_R3_Party.webp;ByakkoBeast_R3.webp;ByakkoSmallIcon.webp;ByakkoBeast_R3_StylePiece.webp,True
うたたねビーチサイド,ビャッコ — Byakko — ,image;strip;bg;chara_icon;piece.image,ByakkoSwim2025_R2_Thumbnail.webp;ByakkoSwim2025_R2_Party.webp;ByakkoSwim2025_R2.webp;ByakkoSmallIcon.webp;ByakkoSwim2025_R2_StylePiece.webp,True
我が道を行く,山脇・ボン・イヴァール — Ivar Bon Yamawaki — ワッキー Wakkii,image;strip;bg;chara_icon;piece.image,BIYamawakiDefault_R1_Thumbnail.webp;BIYamawakiDefault_R1_Party.webp;BIYamawakiDefault_R1.webp;BIYamawakiSmallIcon.webp;BIYamawakiDefault_R1_StylePiece.webp,True
魔王の帰還,山脇・ボン・イヴァール — Ivar Bon Yamawaki — ワッキー Wakkii,image;strip;bg;chara_icon;piece.image,BIYamawakiDefault_R2_Thumbnail.webp;BIYamawakiDefault_R2_Party.webp;BIYamawakiDefault_R2.webp;BIYamawakiSmallIcon.webp;BIYamawakiDefault_R2_StylePiece.webp,True
Ebon Knight,山脇・ボン・イヴァール — Ivar Bon Yamawaki — ワッキー Wakkii,image;strip;bg;chara_icon;piece.image,BIYamawakiDefault_R3_Thumbnail.webp;BIYamawakiDefault_R3_Party.webp;BIYamawakiDefault_R3.webp;BIYamawakiSmallIcon.webp;BIYamawakiDefault_R3_StylePiece.webp,True
Holy Knight,山脇・ボン・イヴァール — Ivar Bon Yamawaki — ワッキー Wakkii,image;strip;bg;chara_icon;piece.image,BIYamawakiXmas2022_R3_Thumbnail.webp;BIYamawakiXmas2022_R3_Party.webp;BIYamawakiXmas2022_R3.webp;BIYamawakiSmallIcon.webp;BIYamawakiXmas2022_R3_StylePiece.webp,True
山脇様、ご乱心,山脇・ボン・イヴァール — Ivar Bon Yamawaki — ワッキー Wakkii,image;strip;bg;chara_icon;piece.image,BIYamawakiDefault_R2a_Thumbnail.webp;BIYamawakiDefault_R2a_Party.webp;BIYamawakiDefault_R2a.webp;BIYamawakiSmallIcon.webp;BIYamawakiDefault_R2a_StylePiece.webp,True
Daydream Believer,山脇・ボン・イヴァール — Ivar Bon Yamawaki — ワッキー Wakkii,image;strip;bg;chara_icon;piece.image,BIYamawakiDaydream_R3_Thumbnail.webp;BIYamawakiDaydream_R3_Party.webp;BIYamawakiDaydream_R3.webp;BIYamawakiSmallIcon.webp;BIYamawakiDaydream_R3_StylePiece.webp,True
雲外蒼天,山脇・ボン・イヴァール — Ivar Bon Yamawaki — ワッキー Wakkii,image;strip;bg;chara_icon;piece.image,BIYamawakiWhiteSuit_R3_Thumbnail.webp;BIYamawakiWhiteSuit_R3_Party.webp;BIYamawakiWhiteSuit_R3.webp;BIYamawakiSmallIcon.webp;BIYamawakiWhiteSuit_R3_StylePiece.webp,True
誇り高き魔王の凱旋,山脇・ボン・イヴァール — Ivar Bon Yamawaki — ワッキー Wakkii,image;strip;bg;chara_icon;piece.image,BIYamawakiEvil_R3_Thumbnail.webp;BIYamawakiEvil_R3_Party.webp;BIYamawakiEvil_R3.webp;BIYamawakiSmallIcon.webp;BIYamawakiEvil_R3_StylePiece.webp,True
孤高のロンリネス,山脇・ボン・イヴァール — Ivar Bon Yamawaki — ワッキー Wakkii,image;strip;bg;chara_icon;piece.image,BIYamawakiEvil_R3a_Thumbnail.webp;BIYamawakiEvil_R3a_Party.webp;BIYamawakiEvil_R3a.webp;BIYamawakiSmallIcon.webp;BIYamawakiEvil_R3a_StylePiece.webp,True
クリスタルの導き,桜庭 星羅 — Seira Sakuraba — さくちゃん SakuChan,image;strip;bg;chara_icon;piece.image,SSakurabaDefault_R1_Thumbnail.webp;SSakurabaDefault_R1_Party.webp;SSakurabaDefault_R1.webp;SSakurabaSmallIcon.webp;SSakurabaDefault_R1_StylePiece.webp,True
雨模様、心そうそう,桜庭 星羅 — Seira Sakuraba — さくちゃん SakuChan,image;strip;bg;chara_icon;piece.image,SSakurabaDefault_R2_Thumbnail.webp;SSakurabaDefault_R2_Party.webp;SSakurabaDefault_R2.webp;SSakurabaSmallIcon.webp;SSakurabaDefault_R2_StylePiece.webp,True
星の海、たゆたうフォーチュンテラー,桜庭 星羅 — Seira Sakuraba — さくちゃん SakuChan,image;strip;bg;chara_icon;piece.image,SSakurabaDefault_R3_Thumbnail.webp;SSakurabaDefault_R3_Party.webp;SSakurabaDefault_R3.webp;SSakurabaSmallIcon.webp;SSakurabaDefault_R3_StylePiece.webp,True
対決！！エア・ステージ,桜庭 星羅 — Seira Sakuraba — さくちゃん SakuChan,image;strip;bg;chara_icon;piece.image,SSakurabaNewYear2023_R3_Thumbnail.webp;SSakurabaNewYear2023_R3_Party.webp;SSakurabaNewYear2023_R3.webp;SSakurabaSmallIcon.webp;SSakurabaNewYear2023_R3_StylePiece.webp,True
今日のあなたの運勢は？,桜庭 星羅 — Seira Sakuraba — さくちゃん SakuChan,image;strip;bg;chara_icon;piece.image,SSakurabaDefault_R2a_Thumbnail.webp;SSakurabaDefault_R2a_Party.webp;SSakurabaDefault_R2a.webp;SSakurabaSmallIcon.webp;SSakurabaDefault_R2a_StylePiece.webp,True
Sanctuary Veil,桜庭 星羅 — Seira Sakuraba — さくちゃん SakuChan,image;strip;bg;chara_icon;piece.image,SSakurabaBride_R3_Thumbnail.webp;SSakurabaBride_R3_Party.webp;SSakurabaBride_R3.webp;SSakurabaSmallIcon.webp;SSakurabaBride_R3_StylePiece.webp,True
魔王に仕えし幻影の大魔道士,桜庭 星羅 — Seira Sakuraba — さくちゃん SakuChan,image;strip;bg;chara_icon;piece.image,SSakurabaEvil_R3_Thumbnail.webp;SSakurabaEvil_R3_Party.webp;SSakurabaEvil_R3.webp;SSakurabaSmallIcon.webp;SSakurabaEvil_R3_StylePiece.webp,True
悠久渇望の魔術師,天音 巫呼 — Miko Tenne — 天然ちゃん TennenChan,image;strip;bg;chara_icon;piece.image,MTenneDefault_R1_Thumbnail.webp;MTenneDefault_R1_Party.webp;MTenneDefault_R1.webp;MTenneSmallIcon.webp;MTenneDefault_R1_StylePiece.webp,True
夢浮橋辿る赤,天音 巫呼 — Miko Tenne — 天然ちゃん TennenChan,image;strip;bg;chara_icon;piece.image,MTenneDefault_R2_Thumbnail.webp;MTenneDefault_R2_Party.webp;MTenneDefault_R2.webp;MTenneSmallIcon.webp;MTenneDefault_R2_StylePiece.webp,True
エクスペリメンタルなキミ,天音 巫呼 — Miko Tenne — 天然ちゃん TennenChan,image;strip;bg;chara_icon;piece.image,MTenneDefault_R3_Thumbnail.webp;MTenneDefault_R3_Party.webp;MTenneDefault_R3.webp;MTenneSmallIcon.webp;MTenneDefault_R3_StylePiece.webp,True
山脇様の手下：マジカルにゃん,天音 巫呼 — Miko Tenne — 天然ちゃん TennenChan,image;strip;bg;chara_icon;piece.image,MTenneAnimal_R3_Thumbnail.webp;MTenneAnimal_R3_Party.webp;MTenneAnimal_R3.webp;MTenneSmallIcon.webp;MTenneAnimal_R3_StylePiece.webp,True
至高のひととき,天音 巫呼 — Miko Tenne — 天然ちゃん TennenChan,image;strip;bg;chara_icon;piece.image,MTenneWizard_R3_Thumbnail.webp;MTenneWizard_R3_Party.webp;MTenneWizard_R3.webp;MTenneSmallIcon.webp;MTenneWizard_R3_StylePiece.webp,True
魔王に仕えし冥界の死霊使い,天音 巫呼 — Miko Tenne — 天然ちゃん TennenChan,image;strip;bg;chara_icon;piece.image,MTenneEvil_R3_Thumbnail.webp;MTenneEvil_R3_Party.webp;MTenneEvil_R3.webp;MTenneSmallIcon.webp;MTenneEvil_R3_StylePiece.webp,True
薄闇に結ぶ調合式,天音 巫呼 — Miko Tenne — 天然ちゃん TennenChan,image;strip;bg;chara_icon;piece.image,MTenneDefault_R2a_Thumbnail.webp;MTenneDefault_R2a_Party.webp;MTenneDefault_R2a.webp;MTenneSmallIcon.webp;MTenneDefault_R2a_StylePiece.webp,True
カニ手の使い魔,豊後 弥生 — Yayoi Bungo — ぶんちゃん BunChan,image;strip;bg;chara_icon;piece.image,YBungoDefault_R1_Thumbnail.webp;YBungoDefault_R1_Party.webp;YBungoDefault_R1.webp;YBungoSmallIcon.webp;YBungoDefault_R1_StylePiece.webp,True
手のひらのパーフェクション,豊後 弥生 — Yayoi Bungo — ぶんちゃん BunChan,image;strip;bg;chara_icon;piece.image,YBungoDefault_R2_Thumbnail.webp;YBungoDefault_R2_Party.webp;YBungoDefault_R2.webp;YBungoSmallIcon.webp;YBungoDefault_R2_StylePiece.webp,True
夜空のShining Star,豊後 弥生 — Yayoi Bungo — ぶんちゃん BunChan,image;strip;bg;chara_icon;piece.image,YBungoDefault_R3_Thumbnail.webp;YBungoDefault_R3_Party.webp;YBungoDefault_R3.webp;YBungoSmallIcon.webp;YBungoDefault_R3_StylePiece.webp,True
Happy Legion,豊後 弥生 — Yayoi Bungo — ぶんちゃん BunChan,image;strip;bg;chara_icon;piece.image,YBungoXmas2022_R3_Thumbnail.webp;YBungoXmas2022_R3_Party.webp;YBungoXmas2022_R3.webp;YBungoSmallIcon.webp;YBungoXmas2022_R3_StylePiece.webp,True
お花見怪人クシダンゴ,豊後 弥生 — Yayoi Bungo — ぶんちゃん BunChan,image;strip;bg;chara_icon;piece.image,YBungoDango_R3_Thumbnail.webp;YBungoDango_R3_Party.webp;YBungoDango_R3.webp;YBungoSmallIcon.webp;YBungoDango_R3_StylePiece.webp,True
悪の軍団進軍開始でゲス！,豊後 弥生 — Yayoi Bungo — ぶんちゃん BunChan,image;strip;bg;chara_icon;piece.image,YBungoEvil_R3_Thumbnail.webp;YBungoEvil_R3_Party.webp;YBungoEvil_R3.webp;YBungoSmallIcon.webp;YBungoEvil_R3_StylePiece.webp,True
あちきと愉快な仲間たち,豊後 弥生 — Yayoi Bungo — ぶんちゃん BunChan,image;strip;bg;chara_icon;piece.image,YBungoDefault_R2a_Thumbnail.webp;YBungoDefault_R2a_Party.webp;YBungoDefault_R2a.webp;YBungoSmallIcon.webp;YBungoDefault_R2a_StylePiece.webp,True
碧落の忍び,神崎 アーデルハイド — Adelheid Kanzaki — アーさん AaSan,image;strip;bg;chara_icon;piece.image,AKanzakiDefault_R1_Thumbnail.webp;AKanzakiDefault_R1_Party.webp;AKanzakiDefault_R1.webp;AKanzakiSmallIcon.webp;AKanzakiDefault_R1_StylePiece.webp,True
微光の兆し,神崎 アーデルハイド — Adelheid Kanzaki — アーさん AaSan,image;strip;bg;chara_icon;piece.image,AKanzakiDefault_R2_Thumbnail.webp;AKanzakiDefault_R2_Party.webp;AKanzakiDefault_R2.webp;AKanzakiSmallIcon.webp;AKanzakiDefault_R2_StylePiece.webp,True
ごちゃまぜ忍法大乱闘,神崎 アーデルハイド — Adelheid Kanzaki — アーさん AaSan,image;strip;bg;chara_icon;piece.image,AKanzakiDefault_R3_Thumbnail.webp;AKanzakiDefault_R3_Party.webp;AKanzakiDefault_R3.webp;AKanzakiSmallIcon.webp;AKanzakiDefault_R3_StylePiece.webp,True
氷花のHexerei,神崎 アーデルハイド — Adelheid Kanzaki — アーさん AaSan,image;strip;bg;chara_icon;piece.image,AKanzakiAgent_R3_Thumbnail.webp;AKanzakiAgent_R3_Party.webp;AKanzakiAgent_R3.webp;AKanzakiSmallIcon.webp;AKanzakiAgent_R3_StylePiece.webp,True
少女の休息,神崎 アーデルハイド — Adelheid Kanzaki — アーさん AaSan,image;strip;bg;chara_icon;piece.image,AKanzakiDirndl_R3_Thumbnail.webp;AKanzakiDirndl_R3_Party.webp;AKanzakiDirndl_R3.webp;AKanzakiSmallIcon.webp;AKanzakiDirndl_R3_StylePiece.webp,True
向日葵,神崎 アーデルハイド — Adelheid Kanzaki — アーさん AaSan,image;strip;bg;chara_icon;piece.image,AKanzakiSwim2024_R3_Thumbnail.webp;AKanzakiSwim2024_R3_Party.webp;AKanzakiSwim2024_R3.webp;AKanzakiSmallIcon.webp;AKanzakiSwim2024_R3_StylePiece.webp,True
魔王に仕えし災禍の魔獣使い,神崎 アーデルハイド — Adelheid Kanzaki — アーさん AaSan,image;strip;bg;chara_icon;piece.image,AKanzakiEvil_R3_Thumbnail.webp;AKanzakiEvil_R3_Party.webp;AKanzakiEvil_R3.webp;AKanzakiSmallIcon.webp;AKanzakiEvil_R3_StylePiece.webp,True
ビジネスとスマイル,佐月 マリ — Mari Satsuki — マリー Marii,image;strip;bg;chara_icon;piece.image,MSatsukiDefault_R1_Thumbnail.webp;MSatsukiDefault_R1_Party.webp;MSatsukiDefault_R1.webp;MSatsukiSmallIcon.webp;MSatsukiDefault_R1_StylePiece.webp,True
はにかむ、心かき集め,佐月 マリ — Mari Satsuki — マリー Marii,image;strip;bg;chara_icon;piece.image,MSatsukiNewYear2023_R2_Thumbnail.webp;MSatsukiNewYear2023_R2_Party.webp;MSatsukiNewYear2023_R2.webp;MSatsukiSmallIcon.webp;MSatsukiNewYear2023_R2_StylePiece.webp,True
甘美のMuzzle,佐月 マリ — Mari Satsuki — マリー Marii,image;strip;bg;chara_icon;piece.image,MSatsukiDefault_R3_Thumbnail.webp;MSatsukiDefault_R3_Party.webp;MSatsukiDefault_R3.webp;MSatsukiSmallIcon.webp;MSatsukiDefault_R3_StylePiece.webp,True
アサシン忍法大繁盛,佐月 マリ — Mari Satsuki — マリー Marii,image;strip;bg;chara_icon;piece.image,MSatsukiAgent_R3_Thumbnail.webp;MSatsukiAgent_R3_Party.webp;MSatsukiAgent_R3.webp;MSatsukiSmallIcon.webp;MSatsukiAgent_R3_StylePiece.webp,True
Crying Tears,佐月 マリ — Mari Satsuki — マリー Marii,image;strip;bg;chara_icon;piece.image,MSatsukiBride_R3_Thumbnail.webp;MSatsukiBride_R3_Party.webp;MSatsukiBride_R3.webp;MSatsukiSmallIcon.webp;MSatsukiBride_R3_StylePiece.webp,True
ハイアー・アズ・ザ・サン,佐月 マリ — Mari Satsuki — マリー Marii,image;strip;bg;chara_icon;piece.image,MSatsukiSwim2024_R3_Thumbnail.webp;MSatsukiSwim2024_R3_Party.webp;MSatsukiSwim2024_R3.webp;MSatsukiSmallIcon.webp;MSatsukiSwim2024_R3_StylePiece.webp,True
魔王に仕えし混沌の謀臣,佐月 マリ — Mari Satsuki — マリー Marii,image;strip;bg;chara_icon;piece.image,MSatsukiEvil_R3_Thumbnail.webp;MSatsukiEvil_R3_Party.webp;MSatsukiEvil_R3.webp;MSatsukiSmallIcon.webp;MSatsukiEvil_R3_StylePiece.webp,True
プライスレス・スマイル,佐月 マリ — Mari Satsuki — マリー Marii,image;strip;bg;chara_icon;piece.image,MSatsukiDefault_R2_Thumbnail.webp;MSatsukiDefault_R2_Party.webp;MSatsukiDefault_R2.webp;MSatsukiSmallIcon.webp;MSatsukiDefault_R2_StylePiece.webp,True
Ally,白河 ユイナ — Yuina Shirakawa — ユイナ先輩 YuinaSenpai,image;strip;bg;chara_icon;piece.image,YShirakawaDefault_R1_Thumbnail.webp;YShirakawaDefault_R1_Party.webp;YShirakawaDefault_R1.webp;YShirakawaSmallIcon.webp;YShirakawaDefault_R1_StylePiece.webp,True
Sign,白河 ユイナ — Yuina Shirakawa — ユイナ先輩 YuinaSenpai,image;strip;bg;chara_icon;piece.image,YShirakawaDefault_R2_Thumbnail.webp;YShirakawaDefault_R2_Party.webp;YShirakawaDefault_R2.webp;YShirakawaSmallIcon.webp;YShirakawaDefault_R2_StylePiece.webp,True
Awakening Iris,白河 ユイナ — Yuina Shirakawa — ユイナ先輩 YuinaSenpai,image;strip;bg;chara_icon;piece.image,YShirakawaDefault_R3_Thumbnail.webp;YShirakawaDefault_R3_Party.webp;YShirakawaDefault_R3.webp;YShirakawaSmallIcon.webp;YShirakawaDefault_R3_StylePiece.webp,True
Infernal Sanctuary,白河 ユイナ — Yuina Shirakawa — ユイナ先輩 YuinaSenpai,image;strip;bg;chara_icon;piece.image,YShirakawaBloom_R3_Thumbnail.webp;YShirakawaBloom_R3_Party.webp;YShirakawaBloom_R3.webp;YShirakawaSmallIcon.webp;YShirakawaBloom_R3_StylePiece.webp,True
君がいるだけで,白河 ユイナ — Yuina Shirakawa — ユイナ先輩 YuinaSenpai,image;strip;bg;chara_icon;piece.image,YShirakawaDefault_R2a_Thumbnail.webp;YShirakawaDefault_R2a_Party.webp;YShirakawaDefault_R2a.webp;YShirakawaSmallIcon.webp;YShirakawaDefault_R2a_StylePiece.webp,True
真夏のジャンダルム,白河 ユイナ — Yuina Shirakawa — ユイナ先輩 YuinaSenpai,image;strip;bg;chara_icon;piece.image,YShirakawaSwim2023_R3_Thumbnail.webp;YShirakawaSwim2023_R3_Party.webp;YShirakawaSwim2023_R3.webp;YShirakawaSmallIcon.webp;YShirakawaSwim2023_R3_StylePiece.webp,True
月が綺麗,白河 ユイナ — Yuina Shirakawa — ユイナ先輩 YuinaSenpai,image;strip;bg;chara_icon;piece.image,YShirakawaSocial_R3_Thumbnail.webp;YShirakawaSocial_R3_Party.webp;YShirakawaSocial_R3.webp;YShirakawaSmallIcon.webp;YShirakawaSocial_R3_StylePiece.webp,True
黄昏に咲くスピカ,白河 ユイナ — Yuina Shirakawa — ユイナ先輩 YuinaSenpai,image;strip;bg;chara_icon;piece.image,YShirakawaWhiteSuit_R3_Thumbnail.webp;YShirakawaWhiteSuit_R3_Party.webp;YShirakawaWhiteSuit_R3.webp;YShirakawaSmallIcon.webp;YShirakawaWhiteSuit_R3_StylePiece.webp,True
Secretly Smile,白河 ユイナ — Yuina Shirakawa — ユイナ先輩 YuinaSenpai,image;strip;bg;chara_icon;piece.image,YShirakawaDefault_R2b_Thumbnail.webp;YShirakawaDefault_R2b_Party.webp;YShirakawaDefault_R2b.webp;YShirakawaSmallIcon.webp;YShirakawaDefault_R2b_StylePiece.webp,True
勝利を告げる神託の旗,白河 ユイナ — Yuina Shirakawa — ユイナ先輩 YuinaSenpai,image;strip;bg;chara_icon;piece.image,YShirakawaArmor_R3_Thumbnail.webp;YShirakawaArmor_R3_Party.webp;YShirakawaArmor_R3.webp;YShirakawaSmallIcon.webp;YShirakawaArmor_R3_StylePiece.webp,True
禅定、憂い無し,月城 最中 — Monaka Tsukishiro — もなにゃん Monanyan,image;strip;bg;chara_icon;piece.image,MTsukishiroDefault_R1_Thumbnail.webp;MTsukishiroDefault_R1_Party.webp;MTsukishiroDefault_R1.webp;MTsukishiroSmallIcon.webp;MTsukishiroDefault_R1_StylePiece.webp,True
黄昏、久遠の夢,月城 最中 — Monaka Tsukishiro — もなにゃん Monanyan,image;strip;bg;chara_icon;piece.image,MTsukishiroDefault_R2_Thumbnail.webp;MTsukishiroDefault_R2_Party.webp;MTsukishiroDefault_R2.webp;MTsukishiroSmallIcon.webp;MTsukishiroDefault_R2_StylePiece.webp,True
真宵晴るれば、一閃心静,月城 最中 — Monaka Tsukishiro — もなにゃん Monanyan,image;strip;bg;chara_icon;piece.image,MTsukishiroDefault_R3_Thumbnail.webp;MTsukishiroDefault_R3_Party.webp;MTsukishiroDefault_R3.webp;MTsukishiroSmallIcon.webp;MTsukishiroDefault_R3_StylePiece.webp,True
掩蔽された暇,月城 最中 — Monaka Tsukishiro — もなにゃん Monanyan,image;strip;bg;chara_icon;piece.image,MTsukishiroRugged_R3_Thumbnail.webp;MTsukishiroRugged_R3_Party.webp;MTsukishiroRugged_R3.webp;MTsukishiroSmallIcon.webp;MTsukishiroRugged_R3_StylePiece.webp,True
君想う春吹雪,月城 最中 — Monaka Tsukishiro — もなにゃん Monanyan,image;strip;bg;chara_icon;piece.image,MTsukishiroWarrior_R3_Thumbnail.webp;MTsukishiroWarrior_R3_Party.webp;MTsukishiroWarrior_R3.webp;MTsukishiroSmallIcon.webp;MTsukishiroWarrior_R3_StylePiece.webp,True
灼熱！炎のサービスエース,月城 最中 — Monaka Tsukishiro — もなにゃん Monanyan,image;strip;bg;chara_icon;piece.image,MTsukishiroSwim2025_R2_Thumbnail.webp;MTsukishiroSwim2025_R2_Party.webp;MTsukishiroSwim2025_R2.webp;MTsukishiroSmallIcon.webp;MTsukishiroSwim2025_R2_StylePiece.webp,True
幽幻閑寂いとらうたし,桐生 美也 — Miya Kiryu — みゃーさん MyaaSan,image;strip;bg;chara_icon;piece.image,MKiryuDefault_R1_Thumbnail.webp;MKiryuDefault_R1_Party.webp;MKiryuDefault_R1.webp;MKiryuSmallIcon.webp;MKiryuDefault_R1_StylePiece.webp,True
神祠見舞う儚さかな,桐生 美也 — Miya Kiryu — みゃーさん MyaaSan,image;strip;bg;chara_icon;piece.image,MKiryuDefault_R2_Thumbnail.webp;MKiryuDefault_R2_Party.webp;MKiryuDefault_R2.webp;MKiryuSmallIcon.webp;MKiryuDefault_R2_StylePiece.webp,True
星林遣らずの雨,桐生 美也 — Miya Kiryu — みゃーさん MyaaSan,image;strip;bg;chara_icon;piece.image,MKiryuDefault_R3_Thumbnail.webp;MKiryuDefault_R3_Party.webp;MKiryuDefault_R3.webp;MKiryuSmallIcon.webp;MKiryuDefault_R3_StylePiece.webp,True
豊楽ノ神秘,桐生 美也 — Miya Kiryu — みゃーさん MyaaSan,image;strip;bg;chara_icon;piece.image,MKiryuGothic_R3_Thumbnail.webp;MKiryuGothic_R3_Party.webp;MKiryuGothic_R3.webp;MKiryuSmallIcon.webp;MKiryuGothic_R3_StylePiece.webp,True
たまゆら、一夜の夢火,桐生 美也 — Miya Kiryu — みゃーさん MyaaSan,image;strip;bg;chara_icon;piece.image,MKiryuCerulean_R3_Thumbnail.webp;MKiryuCerulean_R3_Party.webp;MKiryuCerulean_R3.webp;MKiryuSmallIcon.webp;MKiryuCerulean_R3_StylePiece.webp,True
光のどけき春の日に,桐生 美也 — Miya Kiryu — みゃーさん MyaaSan,image;strip;bg;chara_icon;piece.image,MKiryuDefault_R2a_Thumbnail.webp;MKiryuDefault_R2a_Party.webp;MKiryuDefault_R2a.webp;MKiryuSmallIcon.webp;MKiryuDefault_R2a_StylePiece.webp,True
汐風に誘われて,桐生 美也 — Miya Kiryu — みゃーさん MyaaSan,image;strip;bg;chara_icon;piece.image,MKiryuSwim2025_R3_Thumbnail.webp;MKiryuSwim2025_R3_Party.webp;MKiryuSwim2025_R3.webp;MKiryuSmallIcon.webp;MKiryuSwim2025_R3_StylePiece.webp,True
ドロレスの魅惑,菅原 千恵 — Chie Sugawara — 菅やん Sugayan,image;strip;bg;chara_icon;piece.image,CSugaharaDefault_R1_Thumbnail.webp;CSugaharaDefault_R1_Party.webp;CSugaharaDefault_R1.webp;CSugaharaSmallIcon.webp;CSugaharaDefault_R1_StylePiece.webp,True
気まぐれのアンニュイ,菅原 千恵 — Chie Sugawara — 菅やん Sugayan,image;strip;bg;chara_icon;piece.image,CSugaharaDefault_R2_Thumbnail.webp;CSugaharaDefault_R2_Party.webp;CSugaharaDefault_R2.webp;CSugaharaSmallIcon.webp;CSugaharaDefault_R2_StylePiece.webp,True
終末ロリータ白書,菅原 千恵 — Chie Sugawara — 菅やん Sugayan,image;strip;bg;chara_icon;piece.image,CSugaharaDefault_R3_Thumbnail.webp;CSugaharaDefault_R3_Party.webp;CSugaharaDefault_R3.webp;CSugaharaSmallIcon.webp;CSugaharaDefault_R3_StylePiece.webp,True
亡国の純心,菅原 千恵 — Chie Sugawara — 菅やん Sugayan,image;strip;bg;chara_icon;piece.image,CSugaharaPurity_R3_Thumbnail.webp;CSugaharaPurity_R3_Party.webp;CSugaharaPurity_R3.webp;CSugaharaSmallIcon.webp;CSugaharaPurity_R3_StylePiece.webp,True
センパイの品格,菅原 千恵 — Chie Sugawara — 菅やん Sugayan,image;strip;bg;chara_icon;piece.image,CSugaharaDefault_R2a_Thumbnail.webp;CSugaharaDefault_R2a_Party.webp;CSugaharaDefault_R2a.webp;CSugaharaSmallIcon.webp;CSugaharaDefault_R2a_StylePiece.webp,True
ロリータ・ストイック,菅原 千恵 — Chie Sugawara — 菅やん Sugayan,image;strip;bg;chara_icon;piece.image,CSugaharaExcellency_R3_Thumbnail.webp;CSugaharaExcellency_R3_Party.webp;CSugaharaExcellency_R3.webp;CSugaharaSmallIcon.webp;CSugaharaExcellency_R3_StylePiece.webp,True
フェリティ・インサニティ,菅原 千恵 — Chie Sugawara — 菅やん Sugayan,image;strip;bg;chara_icon;piece.image,CSugaharaBeast_R3_Thumbnail.webp;CSugaharaBeast_R3_Party.webp;CSugaharaBeast_R3.webp;CSugaharaSmallIcon.webp;CSugaharaBeast_R3_StylePiece.webp,True
仄かに揺らぐファイア,小笠原 緋雨 — Hisame Ogasahara — 緋雨っち Hisamecchi,image;strip;bg;chara_icon;piece.image,HOgasawaraDefault_R1_Thumbnail.webp;HOgasawaraDefault_R1_Party.webp;HOgasawaraDefault_R1.webp;HOgasawaraSmallIcon.webp;HOgasawaraDefault_R1_StylePiece.webp,True
静寂閑雅のレスト,小笠原 緋雨 — Hisame Ogasahara — 緋雨っち Hisamecchi,image;strip;bg;chara_icon;piece.image,HOgasawaraDefault_R2_Thumbnail.webp;HOgasawaraDefault_R2_Party.webp;HOgasawaraDefault_R2.webp;HOgasawaraSmallIcon.webp;HOgasawaraDefault_R2_StylePiece.webp,True
朧月夜のバレット,小笠原 緋雨 — Hisame Ogasahara — 緋雨っち Hisamecchi,image;strip;bg;chara_icon;piece.image,HOgasawaraDefault_R3_Thumbnail.webp;HOgasawaraDefault_R3_Party.webp;HOgasawaraDefault_R3.webp;HOgasawaraSmallIcon.webp;HOgasawaraDefault_R3_StylePiece.webp,True
萌えよ天才剣士,小笠原 緋雨 — Hisame Ogasahara — 緋雨っち Hisamecchi,image;strip;bg;chara_icon;piece.image,HOgasawaraCutieMaid_R3_Thumbnail.webp;HOgasawaraCutieMaid_R3_Party.webp;HOgasawaraCutieMaid_R3.webp;HOgasawaraSmallIcon.webp;HOgasawaraCutieMaid_R3_StylePiece.webp,True
希求と渇仰,小笠原 緋雨 — Hisame Ogasahara — 緋雨っち Hisamecchi,image;strip;bg;chara_icon;piece.image,HOgasawaraNightdress_R3_Thumbnail.webp;HOgasawaraNightdress_R3_Party.webp;HOgasawaraNightdress_R3.webp;HOgasawaraSmallIcon.webp;HOgasawaraNightdress_R3_StylePiece.webp,True
早暁の剣光,小笠原 緋雨 — Hisame Ogasahara — 緋雨っち Hisamecchi,image;strip;bg;chara_icon;piece.image,HOgasawaraDefault_R2a_Thumbnail.webp;HOgasawaraDefault_R2a_Party.webp;HOgasawaraDefault_R2a.webp;HOgasawaraSmallIcon.webp;HOgasawaraDefault_R2a_StylePiece.webp,True
夏宵色のガーネット,小笠原 緋雨 — Hisame Ogasahara — 緋雨っち Hisamecchi,image;strip;bg;chara_icon;piece.image,HOgasawaraHighSchoolLife_R3_Thumbnail.webp;HOgasawaraHighSchoolLife_R3_Party.webp;HOgasawaraHighSchoolLife_R3.webp;HOgasawaraSmallIcon.webp;HOgasawaraHighSchoolLife_R3_StylePiece.webp,True
天才に手ほどき,小笠原 緋雨 — Hisame Ogasahara — 緋雨っち Hisamecchi,image;strip;bg;chara_icon;piece.image,HOgasawaraHR_R2_Thumbnail.webp;HOgasawaraHR_R2_Party.webp;HOgasawaraHR_R2.webp;HOgasawaraSmallIcon.webp;HOgasawaraHR_R2_StylePiece.webp,True
きおい佳人,蔵 里見 — Satomi Kura — 蔵っち Kuracchi,image;strip;bg;chara_icon;piece.image,SKuraDefault_R1_Thumbnail.webp;SKuraDefault_R1_Party.webp;SKuraDefault_R1.webp;SKuraSmallIcon.webp;SKuraDefault_R1_StylePiece.webp,True
清流に坐す,蔵 里見 — Satomi Kura — 蔵っち Kuracchi,image;strip;bg;chara_icon;piece.image,SKuraDefault_R2_Thumbnail.webp;SKuraDefault_R2_Party.webp;SKuraDefault_R2.webp;SKuraSmallIcon.webp;SKuraDefault_R2_StylePiece.webp,True
此に期するは豊穣の御霊,蔵 里見 — Satomi Kura — 蔵っち Kuracchi,image;strip;bg;chara_icon;piece.image,SKuraDefault_R3_Thumbnail.webp;SKuraDefault_R3_Party.webp;SKuraDefault_R3.webp;SKuraSmallIcon.webp;SKuraDefault_R3_StylePiece.webp,True
夜警の空,蔵 里見 — Satomi Kura — 蔵っち Kuracchi,image;strip;bg;chara_icon;piece.image,SKuraDefault_R2a_Thumbnail.webp;SKuraDefault_R2a_Party.webp;SKuraDefault_R2a.webp;SKuraSmallIcon.webp;SKuraDefault_R2a_StylePiece.webp,True
若女将の日々,蔵 里見 — Satomi Kura — 蔵っち Kuracchi,image;strip;bg;chara_icon;piece.image,SKuraLandlady_R3_Thumbnail.webp;SKuraLandlady_R3_Party.webp;SKuraLandlady_R3.webp;SKuraSmallIcon.webp;SKuraLandlady_R3_StylePiece.webp,True
夏陽炎の名勝負,蔵 里見 — Satomi Kura — 蔵っち Kuracchi,image;strip;bg;chara_icon;piece.image,SKuraSwim2025_R3_Thumbnail.webp;SKuraSwim2025_R3_Party.webp;SKuraSwim2025_R3.webp;SKuraSmallIcon.webp;SKuraSwim2025_R3_StylePiece.webp,True
親愛の結び,蔵 里見 — Satomi Kura — 蔵っち Kuracchi,image;strip;bg;chara_icon;piece.image,SKuraDefault_R2b_Thumbnail.webp;SKuraDefault_R2b_Party.webp;SKuraDefault_R2b.webp;SKuraSmallIcon.webp;SKuraDefault_R2b_StylePiece.webp,True
最年少名人,二階堂 三郷 — Misato Nikaido — みさりん Misarin,image;strip;bg;chara_icon;piece.image,MNikaidoDefault_R1_Thumbnail.webp;MNikaidoDefault_R1_Party.webp;MNikaidoDefault_R1.webp;MNikaidoSmallIcon.webp;MNikaidoDefault_R1_StylePiece.webp,True
今昔の感、想いは往きて,二階堂 三郷 — Misato Nikaido — みさりん Misarin,image;strip;bg;chara_icon;piece.image,MNikaidoDefault_R2_Thumbnail.webp;MNikaidoDefault_R2_Party.webp;MNikaidoDefault_R2.webp;MNikaidoSmallIcon.webp;MNikaidoDefault_R2_StylePiece.webp,True
無上の終局,二階堂 三郷 — Misato Nikaido — みさりん Misarin,image;strip;bg;chara_icon;piece.image,MNikaidoDefault_R3_Thumbnail.webp;MNikaidoDefault_R3_Party.webp;MNikaidoDefault_R3.webp;MNikaidoSmallIcon.webp;MNikaidoDefault_R3_StylePiece.webp,True
Holiday Ring a Bell,二階堂 三郷 — Misato Nikaido — みさりん Misarin,image;strip;bg;chara_icon;piece.image,MNikaidoXmas2023_R3_Thumbnail.webp;MNikaidoXmas2023_R3_Party.webp;MNikaidoXmas2023_R3.webp;MNikaidoSmallIcon.webp;MNikaidoXmas2023_R3_StylePiece.webp,True
スイート・メロウタイム,二階堂 三郷 — Misato Nikaido — みさりん Misarin,image;strip;bg;chara_icon;piece.image,MNikaidoDefault_R2a_Thumbnail.webp;MNikaidoDefault_R2a_Party.webp;MNikaidoDefault_R2a.webp;MNikaidoSmallIcon.webp;MNikaidoDefault_R2a_StylePiece.webp,True
Lead by Example,二階堂 三郷 — Misato Nikaido — みさりん Misarin,image;strip;bg;chara_icon;piece.image,MNikaidoWhiteSuit_R3_Thumbnail.webp;MNikaidoWhiteSuit_R3_Party.webp;MNikaidoWhiteSuit_R3.webp;MNikaidoSmallIcon.webp;MNikaidoWhiteSuit_R3_StylePiece.webp,True
お気楽カラフル,石井 色葉 — Iroha Ishii — いろっち Irocchi,image;strip;bg;chara_icon;piece.image,IIshiiDefault_R1_Thumbnail.webp;IIshiiDefault_R1_Party.webp;IIshiiDefault_R1.webp;IIshiiSmallIcon.webp;IIshiiDefault_R1_StylePiece.webp,True
多彩なるインスピレーション,石井 色葉 — Iroha Ishii — いろっち Irocchi,image;strip;bg;chara_icon;piece.image,IIshiiDefault_R2_Thumbnail.webp;IIshiiDefault_R2_Party.webp;IIshiiDefault_R2.webp;IIshiiSmallIcon.webp;IIshiiDefault_R2_StylePiece.webp,True
撃砕の無彩色,石井 色葉 — Iroha Ishii — いろっち Irocchi,image;strip;bg;chara_icon;piece.image,IIshiiDefault_R3_Thumbnail.webp;IIshiiDefault_R3_Party.webp;IIshiiDefault_R3.webp;IIshiiSmallIcon.webp;IIshiiDefault_R3_StylePiece.webp,True
ピュア・エモーション,石井 色葉 — Iroha Ishii — いろっち Irocchi,image;strip;bg;chara_icon;piece.image,IIshiiDefault_R2a_Thumbnail.webp;IIshiiDefault_R2a_Party.webp;IIshiiDefault_R2a.webp;IIshiiSmallIcon.webp;IIshiiDefault_R2a_StylePiece.webp,True
センシティビティ・オーバーフロー,石井 色葉 — Iroha Ishii — いろっち Irocchi,image;strip;bg;chara_icon;piece.image,IIshiiCasual_R3_Thumbnail.webp;IIshiiCasual_R3_Party.webp;IIshiiCasual_R3.webp;IIshiiSmallIcon.webp;IIshiiCasual_R3_StylePiece.webp,True
ハピネス・クロマ,石井 色葉 — Iroha Ishii — いろっち Irocchi,image;strip;bg;chara_icon;piece.image,IIshiiBride_R3_Thumbnail.webp;IIshiiBride_R3_Party.webp;IIshiiBride_R3.webp;IIshiiSmallIcon.webp;IIshiiBride_R3_StylePiece.webp,True
Metal Crazy,命 吹雪 — Fubuki Mikoto — ふぶきん Fubukin,image;strip;bg;chara_icon;piece.image,FMikotoDefault_R1_Thumbnail.webp;FMikotoDefault_R1_Party.webp;FMikotoDefault_R1.webp;FMikotoSmallIcon.webp;FMikotoDefault_R1_StylePiece.webp,True
Silent Reverberations,命 吹雪 — Fubuki Mikoto — ふぶきん Fubukin,image;strip;bg;chara_icon;piece.image,FMikotoDefault_R2_Thumbnail.webp;FMikotoDefault_R2_Party.webp;FMikotoDefault_R2.webp;FMikotoSmallIcon.webp;FMikotoDefault_R2_StylePiece.webp,True
終末なにする？,命 吹雪 — Fubuki Mikoto — ふぶきん Fubukin,image;strip;bg;chara_icon;piece.image,FMikotoDefault_R3_Thumbnail.webp;FMikotoDefault_R3_Party.webp;FMikotoDefault_R3.webp;FMikotoSmallIcon.webp;FMikotoDefault_R3_StylePiece.webp,True
"Frozen Moon, Melting Heart",命 吹雪 — Fubuki Mikoto — ふぶきん Fubukin,image;strip;bg;chara_icon;piece.image,FMikotoXmas2024_R3_Thumbnail.webp;FMikotoXmas2024_R3_Party.webp;FMikotoXmas2024_R3.webp;FMikotoSmallIcon.webp;FMikotoXmas2024_R3_StylePiece.webp,True
親愛のレシーバー,室伏 理沙 — Risa Murofushi — りさママ RisaMama,image;strip;bg;chara_icon;piece.image,RMurohushiDefault_R1_Thumbnail.webp;RMurohushiDefault_R1_Party.webp;RMurohushiDefault_R1.webp;RMurohushiSmallIcon.webp;RMurohushiDefault_R1_StylePiece.webp,True
痛いの痛いの飛んでけ〜♪,室伏 理沙 — Risa Murofushi — りさママ RisaMama,image;strip;bg;chara_icon;piece.image,RMurohushiDefault_R2_Thumbnail.webp;RMurohushiDefault_R2_Party.webp;RMurohushiDefault_R2.webp;RMurohushiSmallIcon.webp;RMurohushiDefault_R2_StylePiece.webp,True
早くおうちに帰りましょ,室伏 理沙 — Risa Murofushi — りさママ RisaMama,image;strip;bg;chara_icon;piece.image,RMurohushiDefault_R3_Thumbnail.webp;RMurohushiDefault_R3_Party.webp;RMurohushiDefault_R3.webp;RMurohushiSmallIcon.webp;RMurohushiDefault_R3_StylePiece.webp,True
あまいろの花,室伏 理沙 — Risa Murofushi — りさママ RisaMama,image;strip;bg;chara_icon;piece.image,RMurohushiDefault_R2a_Thumbnail.webp;RMurohushiDefault_R2a_Party.webp;RMurohushiDefault_R2a.webp;RMurohushiSmallIcon.webp;RMurohushiDefault_R2a_StylePiece.webp,True
潜入、笑顔で技術交流会,室伏 理沙 — Risa Murofushi — りさママ RisaMama,image;strip;bg;chara_icon;piece.image,RMurohushiRace_R3_Thumbnail.webp;RMurohushiRace_R3_Party.webp;RMurohushiRace_R3.webp;RMurohushiSmallIcon.webp;RMurohushiRace_R3_StylePiece.webp,True
ハートフルデイズ,室伏 理沙 — Risa Murofushi — りさママ RisaMama,image;strip;bg;chara_icon;piece.image,RMurohushiDefault_R2b_Thumbnail.webp;RMurohushiDefault_R2b_Party.webp;RMurohushiDefault_R2b.webp;RMurohushiSmallIcon.webp;RMurohushiDefault_R2b_StylePiece.webp,True
今宵、花明かりの下で,室伏 理沙 — Risa Murofushi — りさママ RisaMama,image;strip;bg;chara_icon;piece.image,RMurohushiMaiden_R3_Thumbnail.webp;RMurohushiMaiden_R3_Party.webp;RMurohushiMaiden_R3.webp;RMurohushiSmallIcon.webp;RMurohushiMaiden_R3_StylePiece.webp,True
ネガティブエース,伊達 朱里 — Akari Date — あかりん Akarin,image;strip;bg;chara_icon;piece.image,ADateDefault_R1_Thumbnail.webp;ADateDefault_R1_Party.webp;ADateDefault_R1.webp;ADateSmallIcon.webp;ADateDefault_R1_StylePiece.webp,True
マーベルアプローチ,伊達 朱里 — Akari Date — あかりん Akarin,image;strip;bg;chara_icon;piece.image,ADateDefault_R2_Thumbnail.webp;ADateDefault_R2_Party.webp;ADateDefault_R2.webp;ADateSmallIcon.webp;ADateDefault_R2_StylePiece.webp,True
テニスコートの悪魔,伊達 朱里 — Akari Date — あかりん Akarin,image;strip;bg;chara_icon;piece.image,ADateDefault_R3_Thumbnail.webp;ADateDefault_R3_Party.webp;ADateDefault_R3.webp;ADateSmallIcon.webp;ADateDefault_R3_StylePiece.webp,True
Holiday Star Night,伊達 朱里 — Akari Date — あかりん Akarin,image;strip;bg;chara_icon;piece.image,ADateXmas2023_R3_Thumbnail.webp;ADateXmas2023_R3_Party.webp;ADateXmas2023_R3.webp;ADateSmallIcon.webp;ADateXmas2023_R3_StylePiece.webp,True
幸運ふゆうらら,伊達 朱里 — Akari Date — あかりん Akarin,image;strip;bg;chara_icon;piece.image,ADateFurisode2025_R3_Thumbnail.webp;ADateFurisode2025_R3_Party.webp;ADateFurisode2025_R3.webp;ADateSmallIcon.webp;ADateFurisode2025_R3_StylePiece.webp,True
深き海の学び手,瑞原 あいな — Aina Mizuhara — あいちん Aichin,image;strip;bg;chara_icon;piece.image,AMizuharaDefault_R1_Thumbnail.webp;AMizuharaDefault_R1_Party.webp;AMizuharaDefault_R1.webp;AMizuharaSmallIcon.webp;AMizuharaDefault_R1_StylePiece.webp,True
アビスからの誘い,瑞原 あいな — Aina Mizuhara — あいちん Aichin,image;strip;bg;chara_icon;piece.image,AMizuharaDefault_R2_Thumbnail.webp;AMizuharaDefault_R2_Party.webp;AMizuharaDefault_R2.webp;AMizuharaSmallIcon.webp;AMizuharaDefault_R2_StylePiece.webp,True
ロックアップオルカ,瑞原 あいな — Aina Mizuhara — あいちん Aichin,image;strip;bg;chara_icon;piece.image,AMizuharaDefault_R3_Thumbnail.webp;AMizuharaDefault_R3_Party.webp;AMizuharaDefault_R3.webp;AMizuharaSmallIcon.webp;AMizuharaDefault_R3_StylePiece.webp,True
奥深い味わいを,瑞原 あいな — Aina Mizuhara — あいちん Aichin,image;strip;bg;chara_icon;piece.image,AMizuharaDefault_R2a_Thumbnail.webp;AMizuharaDefault_R2a_Party.webp;AMizuharaDefault_R2a.webp;AMizuharaSmallIcon.webp;AMizuharaDefault_R2a_StylePiece.webp,True
ラッシュ！スタブ！ツナ！,瑞原 あいな — Aina Mizuhara — あいちん Aichin,image;strip;bg;chara_icon;piece.image,AMizuharaPirates_R3_Thumbnail.webp;AMizuharaPirates_R3_Party.webp;AMizuharaPirates_R3.webp;AMizuharaSmallIcon.webp;AMizuharaPirates_R3_StylePiece.webp,True
溟海に捧ぐアフェクション,瑞原 あいな — Aina Mizuhara — あいちん Aichin,image;strip;bg;chara_icon;piece.image,AMizuharaJellyfish_R3_Thumbnail.webp;AMizuharaJellyfish_R3_Party.webp;AMizuharaJellyfish_R3.webp;AMizuharaSmallIcon.webp;AMizuharaJellyfish_R3_StylePiece.webp,True
キラキラサマーへ、ジャンプイン！,瑞原 あいな — Aina Mizuhara — あいちん Aichin,image;strip;bg;chara_icon;piece.image,AMizuharaSwim2025_R3_Thumbnail.webp;AMizuharaSwim2025_R3_Party.webp;AMizuharaSwim2025_R3.webp;AMizuharaSmallIcon.webp;AMizuharaSwim2025_R3_StylePiece.webp,True
一千子の抱擁,大島 一千子 — Ichiko Ohshima — いっちー Icchii,image;strip;bg;chara_icon;piece.image,IcOhshimaDefault_R1_Thumbnail.webp;IcOhshimaDefault_R1_Party.webp;IcOhshimaDefault_R1.webp;IcOhshimaSmallIcon.webp;IcOhshimaDefault_R1_StylePiece.webp,True
同床異夢明けて,大島 一千子 — Ichiko Ohshima — いっちー Icchii,image;strip;bg;chara_icon;piece.image,IcOhshimaDefault_R2_Thumbnail.webp;IcOhshimaDefault_R2_Party.webp;IcOhshimaDefault_R2.webp;IcOhshimaSmallIcon.webp;IcOhshimaDefault_R2_StylePiece.webp,True
果てなき慈愛の守護者,大島 一千子 — Ichiko Ohshima — いっちー Icchii,image;strip;bg;chara_icon;piece.image,IcOhshimaDefault_R3_Thumbnail.webp;IcOhshimaDefault_R3_Party.webp;IcOhshimaDefault_R3.webp;IcOhshimaSmallIcon.webp;IcOhshimaDefault_R3_StylePiece.webp,True
Sweet Phantasy,大島 一千子 — Ichiko Ohshima — いっちー Icchii,image;strip;bg;chara_icon;piece.image,IcOhshimaBride_R3_Thumbnail.webp;IcOhshimaBride_R3_Party.webp;IcOhshimaBride_R3.webp;IcOhshimaSmallIcon.webp;IcOhshimaBride_R3_StylePiece.webp,True
Sisters First,大島 一千子 — Ichiko Ohshima — いっちー Icchii,image;strip;bg;chara_icon;piece.image,IcOhshimaDefault_R2a_Thumbnail.webp;IcOhshimaDefault_R2a_Party.webp;IcOhshimaDefault_R2a.webp;IcOhshimaSmallIcon.webp;IcOhshimaDefault_R2a_StylePiece.webp,True
導きのルーセント,大島 一千子 — Ichiko Ohshima — いっちー Icchii,image;strip;bg;chara_icon;piece.image,IcOhshimaWhiteSuit_R3_Thumbnail.webp;IcOhshimaWhiteSuit_R3_Party.webp;IcOhshimaWhiteSuit_R3.webp;IcOhshimaSmallIcon.webp;IcOhshimaWhiteSuit_R3_StylePiece.webp,True
二以奈の気品,大島 二以奈 — Niina Ohshima — ニーナ Niina,image;strip;bg;chara_icon;piece.image,NiOhshimaDefault_R1_Thumbnail.webp;NiOhshimaDefault_R1_Party.webp;NiOhshimaDefault_R1.webp;NiOhshimaSmallIcon.webp;NiOhshimaDefault_R1_StylePiece.webp,True
戦線キャットウォーク,大島 二以奈 — Niina Ohshima — ニーナ Niina,image;strip;bg;chara_icon;piece.image,NiOhshimaDefault_R2_Thumbnail.webp;NiOhshimaDefault_R2_Party.webp;NiOhshimaDefault_R2.webp;NiOhshimaSmallIcon.webp;NiOhshimaDefault_R2_StylePiece.webp,True
Brand New Mind,大島 二以奈 — Niina Ohshima — ニーナ Niina,image;strip;bg;chara_icon;piece.image,NiOhshimaDefault_R3_Thumbnail.webp;NiOhshimaDefault_R3_Party.webp;NiOhshimaDefault_R3.webp;NiOhshimaSmallIcon.webp;NiOhshimaDefault_R3_StylePiece.webp,True
戸惑いの波際,大島 二以奈 — Niina Ohshima — ニーナ Niina,image;strip;bg;chara_icon;piece.image,NiOhshimaDefault_R2a_Thumbnail.webp;NiOhshimaDefault_R2a_Party.webp;NiOhshimaDefault_R2a.webp;NiOhshimaSmallIcon.webp;NiOhshimaDefault_R2a_StylePiece.webp,True
心緒、昂る温泉郷,大島 二以奈 — Niina Ohshima — ニーナ Niina,image;strip;bg;chara_icon;piece.image,NiOhshimaYukata2023_R3_Thumbnail.webp;NiOhshimaYukata2023_R3_Party.webp;NiOhshimaYukata2023_R3.webp;NiOhshimaSmallIcon.webp;NiOhshimaYukata2023_R3_StylePiece.webp,True
渚のピュアメモリー,大島 二以奈 — Niina Ohshima — ニーナ Niina,image;strip;bg;chara_icon;piece.image,NiOhshimaPrivate_R3_Thumbnail.webp;NiOhshimaPrivate_R3_Party.webp;NiOhshimaPrivate_R3.webp;NiOhshimaSmallIcon.webp;NiOhshimaPrivate_R3_StylePiece.webp,True
三野里の疾走,大島 三野里 — Minori Ohshima — みのりん Minorin,image;strip;bg;chara_icon;piece.image,MiOhshimaDefault_R1_Thumbnail.webp;MiOhshimaDefault_R1_Party.webp;MiOhshimaDefault_R1.webp;MiOhshimaSmallIcon.webp;MiOhshimaDefault_R1_StylePiece.webp,True
韋駄天配達人,大島 三野里 — Minori Ohshima — みのりん Minorin,image;strip;bg;chara_icon;piece.image,MiOhshimaDefault_R2_Thumbnail.webp;MiOhshimaDefault_R2_Party.webp;MiOhshimaDefault_R2.webp;MiOhshimaSmallIcon.webp;MiOhshimaDefault_R2_StylePiece.webp,True
Realize Your Mind,大島 三野里 — Minori Ohshima — みのりん Minorin,image;strip;bg;chara_icon;piece.image,MiOhshimaDefault_R3_Thumbnail.webp;MiOhshimaDefault_R3_Party.webp;MiOhshimaDefault_R3.webp;MiOhshimaSmallIcon.webp;MiOhshimaDefault_R3_StylePiece.webp,True
満艦飾の花乙女,大島 三野里 — Minori Ohshima — みのりん Minorin,image;strip;bg;chara_icon;piece.image,MiOhshimaYukata2024_R3_Thumbnail.webp;MiOhshimaYukata2024_R3_Party.webp;MiOhshimaYukata2024_R3.webp;MiOhshimaSmallIcon.webp;MiOhshimaYukata2024_R3_StylePiece.webp,True
ぼくの相棒,大島 三野里 — Minori Ohshima — みのりん Minorin,image;strip;bg;chara_icon;piece.image,MiOhshimaDefault_R2a_Thumbnail.webp;MiOhshimaDefault_R2a_Party.webp;MiOhshimaDefault_R2a.webp;MiOhshimaSmallIcon.webp;MiOhshimaDefault_R2a_StylePiece.webp,True
ミッドナイト・プレリュード,大島 三野里 — Minori Ohshima — みのりん Minorin,image;strip;bg;chara_icon;piece.image,MiOhshimaMocktail_R3_Thumbnail.webp;MiOhshimaMocktail_R3_Party.webp;MiOhshimaMocktail_R3.webp;MiOhshimaSmallIcon.webp;MiOhshimaMocktail_R3_StylePiece.webp,True
四ツ葉の倦怠,大島 四ツ葉 — Yotsuha Ohshima — よっつん Yottsun,image;strip;bg;chara_icon;piece.image,YoOhshimaDefault_R1_Thumbnail.webp;YoOhshimaDefault_R1_Party.webp;YoOhshimaDefault_R1.webp;YoOhshimaSmallIcon.webp;YoOhshimaDefault_R1_StylePiece.webp,True
Lollipop Break,大島 四ツ葉 — Yotsuha Ohshima — よっつん Yottsun,image;strip;bg;chara_icon;piece.image,YoOhshimaDefault_R2_Thumbnail.webp;YoOhshimaDefault_R2_Party.webp;YoOhshimaDefault_R2.webp;YoOhshimaSmallIcon.webp;YoOhshimaDefault_R2_StylePiece.webp,True
破られたアンニュイ,大島 四ツ葉 — Yotsuha Ohshima — よっつん Yottsun,image;strip;bg;chara_icon;piece.image,YoOhshimaDefault_R3_Thumbnail.webp;YoOhshimaDefault_R3_Party.webp;YoOhshimaDefault_R3.webp;YoOhshimaSmallIcon.webp;YoOhshimaDefault_R3_StylePiece.webp,True
ぐうたらパジャマナイト,大島 四ツ葉 — Yotsuha Ohshima — よっつん Yottsun,image;strip;bg;chara_icon;piece.image,YoOhshimaSheep_R3_Thumbnail.webp;YoOhshimaSheep_R3_Party.webp;YoOhshimaSheep_R3.webp;YoOhshimaSmallIcon.webp;YoOhshimaSheep_R3_StylePiece.webp,True
ゆるりたゆたう湯道楽,大島 四ツ葉 — Yotsuha Ohshima — よっつん Yottsun,image;strip;bg;chara_icon;piece.image,YoOhshimaYukata2025_R3_Thumbnail.webp;YoOhshimaYukata2025_R3_Party.webp;YoOhshimaYukata2025_R3.webp;YoOhshimaSmallIcon.webp;YoOhshimaYukata2025_R3_StylePiece.webp,True
ふわりフリーダム,大島 四ツ葉 — Yotsuha Ohshima — よっつん Yottsun,image;strip;bg;chara_icon;piece.image,YoOhshimaDefault_R2a_Thumbnail.webp;YoOhshimaDefault_R2a_Party.webp;YoOhshimaDefault_R2a.webp;YoOhshimaSmallIcon.webp;YoOhshimaDefault_R2a_StylePiece.webp,True
五十鈴の秘密,大島 五十鈴 — Isuzu Ohshima — 五十鈴っち Isuzucchi,image;strip;bg;chara_icon;piece.image,IrOhshimaDefault_R1_Thumbnail.webp;IrOhshimaDefault_R1_Party.webp;IrOhshimaDefault_R1.webp;IrOhshimaSmallIcon.webp;IrOhshimaDefault_R1_StylePiece.webp,True
ピースフルフレーバー,大島 五十鈴 — Isuzu Ohshima — 五十鈴っち Isuzucchi,image;strip;bg;chara_icon;piece.image,IrOhshimaDefault_R2_Thumbnail.webp;IrOhshimaDefault_R2_Party.webp;IrOhshimaDefault_R2.webp;IrOhshimaSmallIcon.webp;IrOhshimaDefault_R2_StylePiece.webp,True
勝利への鍵,大島 五十鈴 — Isuzu Ohshima — 五十鈴っち Isuzucchi,image;strip;bg;chara_icon;piece.image,IrOhshimaDefault_R3_Thumbnail.webp;IrOhshimaDefault_R3_Party.webp;IrOhshimaDefault_R3.webp;IrOhshimaSmallIcon.webp;IrOhshimaDefault_R3_StylePiece.webp,True
湯上がり夢現郷,大島 五十鈴 — Isuzu Ohshima — 五十鈴っち Isuzucchi,image;strip;bg;chara_icon;piece.image,IrOhshimaYukata2023_R3_Thumbnail.webp;IrOhshimaYukata2023_R3_Party.webp;IrOhshimaYukata2023_R3.webp;IrOhshimaSmallIcon.webp;IrOhshimaYukata2023_R3_StylePiece.webp,True
Magic of Smile,大島 五十鈴 — Isuzu Ohshima — 五十鈴っち Isuzucchi,image;strip;bg;chara_icon;piece.image,IrOhshimaShowTime_R3_Thumbnail.webp;IrOhshimaShowTime_R3_Party.webp;IrOhshimaShowTime_R3.webp;IrOhshimaSmallIcon.webp;IrOhshimaShowTime_R3_StylePiece.webp,True
夜語りのひとしずく,大島 五十鈴 — Isuzu Ohshima — 五十鈴っち Isuzucchi,image;strip;bg;chara_icon;piece.image,IrOhshimaNightlife_R3_Thumbnail.webp;IrOhshimaNightlife_R3_Party.webp;IrOhshimaNightlife_R3.webp;IrOhshimaSmallIcon.webp;IrOhshimaNightlife_R3_StylePiece.webp,True
六宇亜の陶酔,大島 六宇亜 — Muua Ohshima — ムーア Muua,image;strip;bg;chara_icon;piece.image,MuOhshimaDefault_R1_Thumbnail.webp;MuOhshimaDefault_R1_Party.webp;MuOhshimaDefault_R1.webp;MuOhshimaSmallIcon.webp;MuOhshimaDefault_R1_StylePiece.webp,True
疾走エクスタシー,大島 六宇亜 — Muua Ohshima — ムーア Muua,image;strip;bg;chara_icon;piece.image,MuOhshimaDefault_R2_Thumbnail.webp;MuOhshimaDefault_R2_Party.webp;MuOhshimaDefault_R2.webp;MuOhshimaSmallIcon.webp;MuOhshimaDefault_R2_StylePiece.webp,True
ピンチで最高,大島 六宇亜 — Muua Ohshima — ムーア Muua,image;strip;bg;chara_icon;piece.image,MuOhshimaDefault_R3_Thumbnail.webp;MuOhshimaDefault_R3_Party.webp;MuOhshimaDefault_R3.webp;MuOhshimaSmallIcon.webp;MuOhshimaDefault_R3_StylePiece.webp,True
グルーヴィーなロール,大島 六宇亜 — Muua Ohshima — ムーア Muua,image;strip;bg;chara_icon;piece.image,MuOhshimaDefault_R2a_Thumbnail.webp;MuOhshimaDefault_R2a_Party.webp;MuOhshimaDefault_R2a.webp;MuOhshimaSmallIcon.webp;MuOhshimaDefault_R2a_StylePiece.webp,True
早春向かい風,大島 六宇亜 — Muua Ohshima — ムーア Muua,image;strip;bg;chara_icon;piece.image,MuOhshimaFurisode2024_R3_Thumbnail.webp;MuOhshimaFurisode2024_R3_Party.webp;MuOhshimaFurisode2024_R3.webp;MuOhshimaSmallIcon.webp;MuOhshimaFurisode2024_R3_StylePiece.webp,True
さざなみ・フィールグッド,大島 六宇亜 — Muua Ohshima — ムーア Muua,image;strip;bg;chara_icon;piece.image,MuOhshimaPrivate_R3_Thumbnail.webp;MuOhshimaPrivate_R3_Party.webp;MuOhshimaPrivate_R3.webp;MuOhshimaSmallIcon.webp;MuOhshimaPrivate_R3_StylePiece.webp,True
ロイヤルバトラー,柳 美音 — Mion Yanagi — やなぎん Yanagin,image;strip;bg;chara_icon;piece.image,MYanagiDefault_R1_Thumbnail.webp;MYanagiDefault_R1_Party.webp;MYanagiDefault_R1.webp;MYanagiSmallIcon.webp;MYanagiDefault_R1_StylePiece.webp,True
滅私奉公のトラスト,柳 美音 — Mion Yanagi — やなぎん Yanagin,image;strip;bg;chara_icon;piece.image,MYanagiDefault_R2_Thumbnail.webp;MYanagiDefault_R2_Party.webp;MYanagiDefault_R2.webp;MYanagiSmallIcon.webp;MYanagiDefault_R2_StylePiece.webp,True
Wild Rose,柳 美音 — Mion Yanagi — やなぎん Yanagin,image;strip;bg;chara_icon;piece.image,MYanagiDefault_R3_Thumbnail.webp;MYanagiDefault_R3_Party.webp;MYanagiDefault_R3.webp;MYanagiSmallIcon.webp;MYanagiDefault_R3_StylePiece.webp,True
夜風のChill Time,柳 美音 — Mion Yanagi — やなぎん Yanagin,image;strip;bg;chara_icon;piece.image,MYanagiPunk_R3_Thumbnail.webp;MYanagiPunk_R3_Party.webp;MYanagiPunk_R3.webp;MYanagiSmallIcon.webp;MYanagiPunk_R3_StylePiece.webp,True
執事の嗜み,柳 美音 — Mion Yanagi — やなぎん Yanagin,image;strip;bg;chara_icon;piece.image,MYanagiDefault_R2a_Thumbnail.webp;MYanagiDefault_R2a_Party.webp;MYanagiDefault_R2a.webp;MYanagiSmallIcon.webp;MYanagiDefault_R2a_StylePiece.webp,True
夜の香り、薔薇の調べ,柳 美音 — Mion Yanagi — やなぎん Yanagin,image;strip;bg;chara_icon;piece.image,MYanagiWhiteSuit_R3_Thumbnail.webp;MYanagiWhiteSuit_R3_Party.webp;MYanagiWhiteSuit_R3.webp;MYanagiSmallIcon.webp;MYanagiWhiteSuit_R3_StylePiece.webp,True
リトルハイセンス,丸山 奏多 — Kanata Maruyama — まるちゃん MaruChan,image;strip;bg;chara_icon;piece.image,KMaruyamaDefault_R1_Thumbnail.webp;KMaruyamaDefault_R1_Party.webp;KMaruyamaDefault_R1.webp;KMaruyamaSmallIcon.webp;KMaruyamaDefault_R1_StylePiece.webp,True
お嬢様は端麗,丸山 奏多 — Kanata Maruyama — まるちゃん MaruChan,image;strip;bg;chara_icon;piece.image,KMaruyamaDefault_R2_Thumbnail.webp;KMaruyamaDefault_R2_Party.webp;KMaruyamaDefault_R2.webp;KMaruyamaSmallIcon.webp;KMaruyamaDefault_R2_StylePiece.webp,True
エボリューションな感受性,丸山 奏多 — Kanata Maruyama — まるちゃん MaruChan,image;strip;bg;chara_icon;piece.image,KMaruyamaDefault_R3_Thumbnail.webp;KMaruyamaDefault_R3_Party.webp;KMaruyamaDefault_R3.webp;KMaruyamaSmallIcon.webp;KMaruyamaDefault_R3_StylePiece.webp,True
木漏れ日の庭,丸山 奏多 — Kanata Maruyama — まるちゃん MaruChan,image;strip;bg;chara_icon;piece.image,KMaruyamaDefault_R2a_Thumbnail.webp;KMaruyamaDefault_R2a_Party.webp;KMaruyamaDefault_R2a.webp;KMaruyamaSmallIcon.webp;KMaruyamaDefault_R2a_StylePiece.webp,True
スマイリー・ブルーム,丸山 奏多 — Kanata Maruyama — まるちゃん MaruChan,image;strip;bg;chara_icon;piece.image,KMaruyamaPanda_R3_Thumbnail.webp;KMaruyamaPanda_R3_Party.webp;KMaruyamaPanda_R3.webp;KMaruyamaSmallIcon.webp;KMaruyamaPanda_R3_StylePiece.webp,True
チェックメイトは敗北の味,丸山 奏多 — Kanata Maruyama — まるちゃん MaruChan,image;strip;bg;chara_icon;piece.image,KMaruyamaDefault_R2b_Thumbnail.webp;KMaruyamaDefault_R2b_Party.webp;KMaruyamaDefault_R2b.webp;KMaruyamaSmallIcon.webp;KMaruyamaDefault_R2b_StylePiece.webp,True
決起のレガリア,丸山 奏多 — Kanata Maruyama — まるちゃん MaruChan,image;strip;bg;chara_icon;piece.image,KMaruyamaCommander_R3_Thumbnail.webp;KMaruyamaCommander_R3_Party.webp;KMaruyamaCommander_R3.webp;KMaruyamaSmallIcon.webp;KMaruyamaCommander_R3_StylePiece.webp,True
アバンチュールコンダクター,華村 詩紀 — Shiki Hanamura — シッキー Shikkii,image;strip;bg;chara_icon;piece.image,SHanamuraDefault_R1_Thumbnail.webp;SHanamuraDefault_R1_Party.webp;SHanamuraDefault_R1.webp;SHanamuraSmallIcon.webp;SHanamuraDefault_R1_StylePiece.webp,True
木漏れ日のソナタ,華村 詩紀 — Shiki Hanamura — シッキー Shikkii,image;strip;bg;chara_icon;piece.image,SHanamuraDefault_R2_Thumbnail.webp;SHanamuraDefault_R2_Party.webp;SHanamuraDefault_R2.webp;SHanamuraSmallIcon.webp;SHanamuraDefault_R2_StylePiece.webp,True
君のUnisono,華村 詩紀 — Shiki Hanamura — シッキー Shikkii,image;strip;bg;chara_icon;piece.image,SHanamuraDefault_R3_Thumbnail.webp;SHanamuraDefault_R3_Party.webp;SHanamuraDefault_R3.webp;SHanamuraSmallIcon.webp;SHanamuraDefault_R3_StylePiece.webp,True
再耀のカンタービレ,華村 詩紀 — Shiki Hanamura — シッキー Shikkii,image;strip;bg;chara_icon;piece.image,SHanamuraConductor_R3_Thumbnail.webp;SHanamuraConductor_R3_Party.webp;SHanamuraConductor_R3.webp;SHanamuraSmallIcon.webp;SHanamuraConductor_R3_StylePiece.webp,True
天才かませ犬,松岡 チロル — Chiroru Matsuoka — マツチロ Matsuchiro,image;strip;bg;chara_icon;piece.image,CMatsuokaDefault_R1_Thumbnail.webp;CMatsuokaDefault_R1_Party.webp;CMatsuokaDefault_R1.webp;CMatsuokaSmallIcon.webp;CMatsuokaDefault_R1_StylePiece.webp,True
秘めたる努力,松岡 チロル — Chiroru Matsuoka — マツチロ Matsuchiro,image;strip;bg;chara_icon;piece.image,CMatsuokaDefault_R2_Thumbnail.webp;CMatsuokaDefault_R2_Party.webp;CMatsuokaDefault_R2.webp;CMatsuokaSmallIcon.webp;CMatsuokaDefault_R2_StylePiece.webp,True
疾風迅速滅亡の狼煙,松岡 チロル — Chiroru Matsuoka — マツチロ Matsuchiro,image;strip;bg;chara_icon;piece.image,CMatsuokaDefault_R3_Thumbnail.webp;CMatsuokaDefault_R3_Party.webp;CMatsuokaDefault_R3.webp;CMatsuokaSmallIcon.webp;CMatsuokaDefault_R3_StylePiece.webp,True
内緒のコーヒーブレイク,松岡 チロル — Chiroru Matsuoka — マツチロ Matsuchiro,image;strip;bg;chara_icon;piece.image,CMatsuokaCasual_R3_Thumbnail.webp;CMatsuokaCasual_R3_Party.webp;CMatsuokaCasual_R3.webp;CMatsuokaSmallIcon.webp;CMatsuokaCasual_R3_StylePiece.webp,True
悪を討つヒロイックアクション,松岡 チロル — Chiroru Matsuoka — マツチロ Matsuchiro,image;strip;bg;chara_icon;piece.image,CMatsuokaActor_R3_Thumbnail.webp;CMatsuokaActor_R3_Party.webp;CMatsuokaActor_R3.webp;CMatsuokaSmallIcon.webp;CMatsuokaActor_R3_StylePiece.webp,True
天誅斬影,夏目 祈 — Inori Natsume — いのりん Inorin,image;strip;bg;chara_icon;piece.image,INatsumeDefault_R1_Thumbnail.webp;INatsumeDefault_R1_Party.webp;INatsumeDefault_R1.webp;INatsumeSmallIcon.webp;INatsumeDefault_R1_StylePiece.webp,True
彼岸の人斬り,夏目 祈 — Inori Natsume — いのりん Inorin,image;strip;bg;chara_icon;piece.image,INatsumeDefault_R2_Thumbnail.webp;INatsumeDefault_R2_Party.webp;INatsumeDefault_R2.webp;INatsumeSmallIcon.webp;INatsumeDefault_R2_StylePiece.webp,True
剣の冷徹,夏目 祈 — Inori Natsume — いのりん Inorin,image;strip;bg;chara_icon;piece.image,INatsumeDefault_R3_Thumbnail.webp;INatsumeDefault_R3_Party.webp;INatsumeDefault_R3.webp;INatsumeSmallIcon.webp;INatsumeDefault_R3_StylePiece.webp,True
薫衣香る夢見鳥,夏目 祈 — Inori Natsume — いのりん Inorin,image;strip;bg;chara_icon;piece.image,INatsumeButterfly_R3_Thumbnail.webp;INatsumeButterfly_R3_Party.webp;INatsumeButterfly_R3.webp;INatsumeSmallIcon.webp;INatsumeButterfly_R3_StylePiece.webp,True
青春ラピスラズリ,夏目 祈 — Inori Natsume — いのりん Inorin,image;strip;bg;chara_icon;piece.image,INatsumeNeat_R3_Thumbnail.webp;INatsumeNeat_R3_Party.webp;INatsumeNeat_R3.webp;INatsumeSmallIcon.webp;INatsumeNeat_R3_StylePiece.webp,True
Highway of Angels,黒沢 真希 — Maki Kurosawa — まっきー Makkii,image;strip;bg;chara_icon;piece.image,MKurosawaDefault_R1_Thumbnail.webp;MKurosawaDefault_R1_Party.webp;MKurosawaDefault_R1.webp;MKurosawaSmallIcon.webp;MKurosawaDefault_R1_StylePiece.webp,True
唯我独尊,黒沢 真希 — Maki Kurosawa — まっきー Makkii,image;strip;bg;chara_icon;piece.image,MKurosawaDefault_R2_Thumbnail.webp;MKurosawaDefault_R2_Party.webp;MKurosawaDefault_R2.webp;MKurosawaSmallIcon.webp;MKurosawaDefault_R2_StylePiece.webp,True
ハレの日の仏恥義理,黒沢 真希 — Maki Kurosawa — まっきー Makkii,image;strip;bg;chara_icon;piece.image,MKurosawaDefault_R3_Thumbnail.webp;MKurosawaDefault_R3_Party.webp;MKurosawaDefault_R3.webp;MKurosawaSmallIcon.webp;MKurosawaDefault_R3_StylePiece.webp,True
青あらし走死走愛,黒沢 真希 — Maki Kurosawa — まっきー Makkii,image;strip;bg;chara_icon;piece.image,MKurosawaCasual_R3_Thumbnail.webp;MKurosawaCasual_R3_Party.webp;MKurosawaCasual_R3.webp;MKurosawaSmallIcon.webp;MKurosawaCasual_R3_StylePiece.webp,True
総長は読書がお好き,黒沢 真希 — Maki Kurosawa — まっきー Makkii,image;strip;bg;chara_icon;piece.image,MKurosawaDefault_R2a_Thumbnail.webp;MKurosawaDefault_R2a_Party.webp;MKurosawaDefault_R2a.webp;MKurosawaSmallIcon.webp;MKurosawaDefault_R2a_StylePiece.webp,True
星の継承者,キャロル・リーパー — Carole Reaper — キャロル Kyaroru,image;strip;bg;chara_icon;piece.image,CReaperDefault_R1_Thumbnail.webp;CReaperDefault_R1_Party.webp;CReaperDefault_R1.webp;CReaperSmallIcon.webp;CReaperDefault_R1_StylePiece.webp,True
心の風景,キャロル・リーパー — Carole Reaper — キャロル Kyaroru,image;strip;bg;chara_icon;piece.image,CReaperDefault_R2_Thumbnail.webp;CReaperDefault_R2_Party.webp;CReaperDefault_R2.webp;CReaperSmallIcon.webp;CReaperDefault_R2_StylePiece.webp,True
摩天楼のダークヒーロー,キャロル・リーパー — Carole Reaper — キャロル Kyaroru,image;strip;bg;chara_icon;piece.image,CReaperDefault_R3_Thumbnail.webp;CReaperDefault_R3_Party.webp;CReaperDefault_R3.webp;CReaperSmallIcon.webp;CReaperDefault_R3_StylePiece.webp,True
キャッスル・オブ・パープル,キャロル・リーパー — Carole Reaper — キャロル Kyaroru,image;strip;bg;chara_icon;piece.image,CReaperDefault_R2a_Thumbnail.webp;CReaperDefault_R2a_Party.webp;CReaperDefault_R2a.webp;CReaperSmallIcon.webp;CReaperDefault_R2a_StylePiece.webp,True
Carnival with You,キャロル・リーパー — Carole Reaper — キャロル Kyaroru,image;strip;bg;chara_icon;piece.image,CReaperDate_R3_Thumbnail.webp;CReaperDate_R3_Party.webp;CReaperDate_R3.webp;CReaperSmallIcon.webp;CReaperDate_R3_StylePiece.webp,True
Have no fear! I'm a hero!,キャロル・リーパー — Carole Reaper — キャロル Kyaroru,image;strip;bg;chara_icon;piece.image,CReaperWhiteSuit_R3_Thumbnail.webp;CReaperWhiteSuit_R3_Party.webp;CReaperWhiteSuit_R3.webp;CReaperSmallIcon.webp;CReaperWhiteSuit_R3_StylePiece.webp,True
臥龍の代弁者,李 映夏 — Yingxia Li — ユンユン Yunyun,image;strip;bg;chara_icon;piece.image,LShanhuaDefault_R1_Thumbnail.webp;LShanhuaDefault_R1_Party.webp;LShanhuaDefault_R1.webp;LShanhuaSmallIcon.webp;LShanhuaDefault_R1_StylePiece.webp,True
武を成すは天に在り,李 映夏 — Yingxia Li — ユンユン Yunyun,image;strip;bg;chara_icon;piece.image,LShanhuaDefault_R2_Thumbnail.webp;LShanhuaDefault_R2_Party.webp;LShanhuaDefault_R2.webp;LShanhuaSmallIcon.webp;LShanhuaDefault_R2_StylePiece.webp,True
我、勇ならざるは将なきに同じ,李 映夏 — Yingxia Li — ユンユン Yunyun,image;strip;bg;chara_icon;piece.image,LShanhuaDefault_R3_Thumbnail.webp;LShanhuaDefault_R3_Party.webp;LShanhuaDefault_R3.webp;LShanhuaSmallIcon.webp;LShanhuaDefault_R3_StylePiece.webp,True
いざなうつゆくさ,李 映夏 — Yingxia Li — ユンユン Yunyun,image;strip;bg;chara_icon;piece.image,LShanhuaNoble_R3_Thumbnail.webp;LShanhuaNoble_R3_Party.webp;LShanhuaNoble_R3.webp;LShanhuaSmallIcon.webp;LShanhuaNoble_R3_StylePiece.webp,True
春宵ウォーアイニー,李 映夏 — Yingxia Li — ユンユン Yunyun,image;strip;bg;chara_icon;piece.image,LShanhuaSuspicious_R3_Thumbnail.webp;LShanhuaSuspicious_R3_Party.webp;LShanhuaSuspicious_R3.webp;LShanhuaSmallIcon.webp;LShanhuaSuspicious_R3_StylePiece.webp,True
誇り高き戦装束,李 映夏 — Yingxia Li — ユンユン Yunyun,image;strip;bg;chara_icon;piece.image,LShanhuaDefault_R2a_Thumbnail.webp;LShanhuaDefault_R2a_Party.webp;LShanhuaDefault_R2a.webp;LShanhuaSmallIcon.webp;LShanhuaDefault_R2a_StylePiece.webp,True
瑠璃色絢爛美々,李 映夏 — Yingxia Li — ユンユン Yunyun,image;strip;bg;chara_icon;piece.image,LShanhuaBride_R3_Thumbnail.webp;LShanhuaBride_R3_Party.webp;LShanhuaBride_R3.webp;LShanhuaSmallIcon.webp;LShanhuaBride_R3_StylePiece.webp,True
不可思議の探求者,アイリーン・レドメイン — Irene Redmayne — アイリン Airin,image;strip;bg;chara_icon;piece.image,IRedmayneDefault_R1_Thumbnail.webp;IRedmayneDefault_R1_Party.webp;IRedmayneDefault_R1.webp;IRedmayneSmallIcon.webp;IRedmayneDefault_R1_StylePiece.webp,True
ベイカー街の軌跡,アイリーン・レドメイン — Irene Redmayne — アイリン Airin,image;strip;bg;chara_icon;piece.image,IRedmayneDefault_R2_Thumbnail.webp;IRedmayneDefault_R2_Party.webp;IRedmayneDefault_R2.webp;IRedmayneSmallIcon.webp;IRedmayneDefault_R2_StylePiece.webp,True
碧いカーヴァンクル,アイリーン・レドメイン — Irene Redmayne — アイリン Airin,image;strip;bg;chara_icon;piece.image,IRedmayneDefault_R3_Thumbnail.webp;IRedmayneDefault_R3_Party.webp;IRedmayneDefault_R3.webp;IRedmayneSmallIcon.webp;IRedmayneDefault_R3_StylePiece.webp,True
月下のハイドアンドシーク,アイリーン・レドメイン — Irene Redmayne — アイリン Airin,image;strip;bg;chara_icon;piece.image,IRedmaynePhantom_R3_Thumbnail.webp;IRedmaynePhantom_R3_Party.webp;IRedmaynePhantom_R3.webp;IRedmayneSmallIcon.webp;IRedmaynePhantom_R3_StylePiece.webp,True
謳うそよ風の向かう先,アイリーン・レドメイン — Irene Redmayne — アイリン Airin,image;strip;bg;chara_icon;piece.image,IRedmayneIdyllic_R3_Thumbnail.webp;IRedmayneIdyllic_R3_Party.webp;IRedmayneIdyllic_R3.webp;IRedmayneSmallIcon.webp;IRedmayneIdyllic_R3_StylePiece.webp,True
ベルガモットの安らぎ,アイリーン・レドメイン — Irene Redmayne — アイリン Airin,image;strip;bg;chara_icon;piece.image,IRedmayneDefault_R2a_Thumbnail.webp;IRedmayneDefault_R2a_Party.webp;IRedmayneDefault_R2a.webp;IRedmayneSmallIcon.webp;IRedmayneDefault_R2a_StylePiece.webp,True
霧煙る街の名探偵,アイリーン・レドメイン — Irene Redmayne — アイリン Airin,image;strip;bg;chara_icon;piece.image,IRedmayneSteam_R3_Thumbnail.webp;IRedmayneSteam_R3_Party.webp;IRedmayneSteam_R3.webp;IRedmayneSmallIcon.webp;IRedmayneSteam_R3_StylePiece.webp,True
華麗なるアプサラス,ヴリティカ・バラクリシュナン — Vritika Balakrishnan — ヴリちゃん VuriChan,image;strip;bg;chara_icon;piece.image,VBalakrishnanDefault_R1_Thumbnail.webp;VBalakrishnanDefault_R1_Party.webp;VBalakrishnanDefault_R1.webp;VBalakrishnanSmallIcon.webp;VBalakrishnanDefault_R1_StylePiece.webp,True
未知数なヴェーダーンガ,ヴリティカ・バラクリシュナン — Vritika Balakrishnan — ヴリちゃん VuriChan,image;strip;bg;chara_icon;piece.image,VBalakrishnanDefault_R2_Thumbnail.webp;VBalakrishnanDefault_R2_Party.webp;VBalakrishnanDefault_R2.webp;VBalakrishnanSmallIcon.webp;VBalakrishnanDefault_R2_StylePiece.webp,True
凛々しきドゥルガー,ヴリティカ・バラクリシュナン — Vritika Balakrishnan — ヴリちゃん VuriChan,image;strip;bg;chara_icon;piece.image,VBalakrishnanDefault_R3_Thumbnail.webp;VBalakrishnanDefault_R3_Party.webp;VBalakrishnanDefault_R3.webp;VBalakrishnanSmallIcon.webp;VBalakrishnanDefault_R3_StylePiece.webp,True
華麗なる日常,ヴリティカ・バラクリシュナン — Vritika Balakrishnan — ヴリちゃん VuriChan,image;strip;bg;chara_icon;piece.image,VBalakrishnanDefault_R2a_Thumbnail.webp;VBalakrishnanDefault_R2a_Party.webp;VBalakrishnanDefault_R2a.webp;VBalakrishnanSmallIcon.webp;VBalakrishnanDefault_R2a_StylePiece.webp,True
美しきシャールドゥーラ,ヴリティカ・バラクリシュナン — Vritika Balakrishnan — ヴリちゃん VuriChan,image;strip;bg;chara_icon;piece.image,VBalakrishnanTradition_R3_Thumbnail.webp;VBalakrishnanTradition_R3_Party.webp;VBalakrishnanTradition_R3.webp;VBalakrishnanSmallIcon.webp;VBalakrishnanTradition_R3_StylePiece.webp,True
歓待のアンナプールナ,ヴリティカ・バラクリシュナン — Vritika Balakrishnan — ヴリちゃん VuriChan,image;strip;bg;chara_icon;piece.image,VBalakrishnanKitchen_R3_Thumbnail.webp;VBalakrishnanKitchen_R3_Party.webp;VBalakrishnanKitchen_R3.webp;VBalakrishnanSmallIcon.webp;VBalakrishnanKitchen_R3_StylePiece.webp,True
くれないのシスター,マリア・デ・アンジェリス — Maria de Angelis — マリリン Maririn,image;strip;bg;chara_icon;piece.image,MdAngelisDefault_R1_Thumbnail.webp;MdAngelisDefault_R1_Party.webp;MdAngelisDefault_R1.webp;MdAngelisSmallIcon.webp;MdAngelisDefault_R1_StylePiece.webp,True
罪と栄光,マリア・デ・アンジェリス — Maria de Angelis — マリリン Maririn,image;strip;bg;chara_icon;piece.image,MdAngelisDefault_R2_Thumbnail.webp;MdAngelisDefault_R2_Party.webp;MdAngelisDefault_R2.webp;MdAngelisSmallIcon.webp;MdAngelisDefault_R2_StylePiece.webp,True
ブラッド・レリーフ,マリア・デ・アンジェリス — Maria de Angelis — マリリン Maririn,image;strip;bg;chara_icon;piece.image,MdAngelisDefault_R3_Thumbnail.webp;MdAngelisDefault_R3_Party.webp;MdAngelisDefault_R3.webp;MdAngelisSmallIcon.webp;MdAngelisDefault_R3_StylePiece.webp,True
刹那の邂逅,マリア・デ・アンジェリス — Maria de Angelis — マリリン Maririn,image;strip;bg;chara_icon;piece.image,MdAngelisKnights_R3_Thumbnail.webp;MdAngelisKnights_R3_Party.webp;MdAngelisKnights_R3.webp;MdAngelisSmallIcon.webp;MdAngelisKnights_R3_StylePiece.webp,True
ヴァカンザ・エレガンテ,マリア・デ・アンジェリス — Maria de Angelis — マリリン Maririn,image;strip;bg;chara_icon;piece.image,MdAngelisMafia_R3_Thumbnail.webp;MdAngelisMafia_R3_Party.webp;MdAngelisMafia_R3.webp;MdAngelisSmallIcon.webp;MdAngelisMafia_R3_StylePiece.webp,True
ライム・アンド・ストロベリー,マリア・デ・アンジェリス — Maria de Angelis — マリリン Maririn,image;strip;bg;chara_icon;piece.image,MdAngelisDefault_R2a_Thumbnail.webp;MdAngelisDefault_R2a_Party.webp;MdAngelisDefault_R2a.webp;MdAngelisSmallIcon.webp;MdAngelisDefault_R2a_StylePiece.webp,True
北風の使者,シャルロッタ・スコポフスカヤ — Charlotta Skopovskaya — シャロ Sharo,image;strip;bg;chara_icon;piece.image,CSkopovskayaDefault_R1_Thumbnail.webp;CSkopovskayaDefault_R1_Party.webp;CSkopovskayaDefault_R1.webp;CSkopovskayaSmallIcon.webp;CSkopovskayaDefault_R1_StylePiece.webp,True
雪華ノスタルジア,シャルロッタ・スコポフスカヤ — Charlotta Skopovskaya — シャロ Sharo,image;strip;bg;chara_icon;piece.image,CSkopovskayaDefault_R2_Thumbnail.webp;CSkopovskayaDefault_R2_Party.webp;CSkopovskayaDefault_R2.webp;CSkopovskayaSmallIcon.webp;CSkopovskayaDefault_R2_StylePiece.webp,True
逆境に咲く華,シャルロッタ・スコポフスカヤ — Charlotta Skopovskaya — シャロ Sharo,image;strip;bg;chara_icon;piece.image,CSkopovskayaDefault_R3_Thumbnail.webp;CSkopovskayaDefault_R3_Party.webp;CSkopovskayaDefault_R3.webp;CSkopovskayaSmallIcon.webp;CSkopovskayaDefault_R3_StylePiece.webp,True
とこしえの想い,シャルロッタ・スコポフスカヤ — Charlotta Skopovskaya — シャロ Sharo,image;strip;bg;chara_icon;piece.image,CSkopovskayaVampire_R3_Thumbnail.webp;CSkopovskayaVampire_R3_Party.webp;CSkopovskayaVampire_R3.webp;CSkopovskayaSmallIcon.webp;CSkopovskayaVampire_R3_StylePiece.webp,True
清廉なるニヴェースタ,シャルロッタ・スコポフスカヤ — Charlotta Skopovskaya — シャロ Sharo,image;strip;bg;chara_icon;piece.image,CSkopovskayaBride_R3_Thumbnail.webp;CSkopovskayaBride_R3_Party.webp;CSkopovskayaBride_R3.webp;CSkopovskayaSmallIcon.webp;CSkopovskayaBride_R3_StylePiece.webp,True
麗らかなまなざし,シャルロッタ・スコポフスカヤ — Charlotta Skopovskaya — シャロ Sharo,image;strip;bg;chara_icon;piece.image,CSkopovskayaDefault_R2a_Thumbnail.webp;CSkopovskayaDefault_R2a_Party.webp;CSkopovskayaDefault_R2a.webp;CSkopovskayaSmallIcon.webp;CSkopovskayaDefault_R2a_StylePiece.webp,True
捧ぐ愛の晩餐,シャルロッタ・スコポフスカヤ — Charlotta Skopovskaya — シャロ Sharo,image;strip;bg;chara_icon;piece.image,CSkopovskayaKitchen_R3_Thumbnail.webp;CSkopovskayaKitchen_R3_Party.webp;CSkopovskayaKitchen_R3.webp;CSkopovskayaSmallIcon.webp;CSkopovskayaKitchen_R3_StylePiece.webp,True
希望の暁,手塚 咲 — Saki Tezuka — づかっちゃん ZukaChan,image;strip;bg;chara_icon;piece.image,STezukaSoldier_R3_Thumbnail.webp;STezukaSoldier_R3_Party.webp;STezukaSoldier_R3.webp;STezukaSmallIcon.webp;STezukaSoldier_R3_StylePiece.webp,True
エンジェルクライシス,七瀬 七海 — Nanami Nanase — ななみん Nanamin,image;strip;bg;chara_icon;piece.image,NNanaseRider_R3_Thumbnail.webp;NNanaseRider_R3_Party.webp;NNanaseRider_R3.webp;NNanaseSmallIcon.webp;NNanaseRider_R3_StylePiece.webp,True
約束は暁の彼方で,七瀬 七海 — Nanami Nanase — ななみん Nanamin,image;strip;bg;chara_icon;piece.image,NNanasePure_R3_Thumbnail.webp;NNanasePure_R3_Party.webp;NNanasePure_R3.webp;NNanaseSmallIcon.webp;NNanasePure_R3_StylePiece.webp,True
Earth Angel,立華 かなで — Kanade Tachibana — ,image;strip;bg;chara_icon;piece.image,AliceADefault_R3_Thumbnail.webp;AliceADefault_R3_Party.webp;AliceADefault_R3.webp;AliceASmallIcon.webp;AliceADefault_R3_StylePiece.webp,True
天翔ける剣,立華 かなで — Kanade Tachibana — ,image;strip;bg;chara_icon;piece.image,AliceAOnePiece_R3_Thumbnail.webp;AliceAOnePiece_R3_Party.webp;AliceAOnePiece_R3.webp;AliceASmallIcon.webp;AliceAOnePiece_R3_StylePiece.webp,True
Rain Fire,仲村 ゆり — Yuri Nakamura — ,image;strip;bg;chara_icon;piece.image,AliceBDefault_R3_Thumbnail.webp;AliceBDefault_R3_Party.webp;AliceBDefault_R3.webp;AliceBSmallIcon.webp;AliceBDefault_R3_StylePiece.webp,True
ありふれた非日常,仲村 ゆり — Yuri Nakamura — ,image;strip;bg;chara_icon;piece.image,AliceBBlazerUniform_R3_Thumbnail.webp;AliceBBlazerUniform_R3_Party.webp;AliceBBlazerUniform_R3.webp;AliceBSmallIcon.webp;AliceBBlazerUniform_R3_StylePiece.webp,True
Pure Cosmos,入江 みゆき — Miyuki Irie — ,image;strip;bg;chara_icon;piece.image,AliceCDefault_R2_Thumbnail.webp;AliceCDefault_R2_Party.webp;AliceCDefault_R2.webp;AliceCSmallIcon.webp;AliceCDefault_R2_StylePiece.webp,True
Faraway Eden,入江 みゆき — Miyuki Irie — ,image;strip;bg;chara_icon;piece.image,AliceCDefault_R3_Thumbnail.webp;AliceCDefault_R3_Party.webp;AliceCDefault_R3.webp;AliceCSmallIcon.webp;AliceCDefault_R3_StylePiece.webp,True
Finally found our silver lining,渕田 ひさ子 — Hisako Fuchida — ,image;strip;bg;chara_icon;piece.image,BiancaADefault_R2_Thumbnail.webp;BiancaADefault_R2_Party.webp;BiancaADefault_R2.webp;BiancaASmallIcon.webp;BiancaADefault_R2_StylePiece.webp,True
ぬくもりの記憶,関根 しおり — Shiori Sekine — ,image;strip;bg;chara_icon;piece.image,CathyADefault_R2_Thumbnail.webp;CathyADefault_R2_Party.webp;CathyADefault_R2.webp;CathyASmallIcon.webp;CathyADefault_R2_StylePiece.webp,True
Stir Soul Song,芳岡 ユイ — Yui Yoshioka — ,image;strip;bg;chara_icon;piece.image,CathyBDefault_R3_Thumbnail.webp;CathyBDefault_R3_Party.webp;CathyBDefault_R3.webp;CathyBSmallIcon.webp;CathyBDefault_R3_StylePiece.webp,True
Dreamlike Days,岩沢 雅美 — Masami Iwasawa — ,image;strip;bg;chara_icon;piece.image,CathyCDefault_R3_Thumbnail.webp;CathyCDefault_R3_Party.webp;CathyCDefault_R3.webp;CathyCSmallIcon.webp;CathyCDefault_R3_StylePiece.webp,True
